<CustomTask id="taskrequestRDF_67a3b14544b0f527" type="tripleRequestOperator"><MetaData>
        <Label>task: request RDF</Label>
        <Description xml:space="preserve"><![CDATA[]]></Description>
        <Modified>2023-04-28T16:00:31.545526Z</Modified>
        <Created>2023-04-28T16:00:31.545526Z</Created>
        <CreatedByUser>http://eccenca.com/admin</CreatedByUser>
        <LastModifiedByUser>http://eccenca.com/admin</LastModifiedByUser>
        <Tags>
          
        </Tags>
      </MetaData>
        
      </CustomTask>
