<CustomTask id="templateemailmessage_22333a4a27b6df42" type="Template"><MetaData>
        <Label>template: email message</Label>
        <Description xml:space="preserve"><![CDATA[]]></Description>
        <Modified>2023-04-28T16:00:32.378428Z</Modified>
        <Created>2023-04-28T16:00:32.378428Z</Created>
        <CreatedByUser>http://eccenca.com/admin</CreatedByUser>
        <LastModifiedByUser>http://eccenca.com/admin</LastModifiedByUser>
        <Tags>
          
        </Tags>
      </MetaData>
        <Param name="template" xml:space="preserve"><![CDATA[Hi,

attached is the workflow result as an N-Triples file. 
Timestamp: {{ currentDateTime }}

Product compatibility:
{{ product_compatibility }} out of {{ products }} products have compatible alternatives.

Organization information:
There are {{ managers }} managers and {{ employees }} employees in {{ departments }} departments.


]]></Param><Param name="language" xml:space="preserve"><![CDATA[jinja]]></Param><Param name="outputAttribute" xml:space="preserve"><![CDATA[output]]></Param><Param name="forwardInputAttributes" xml:space="preserve"><![CDATA[false]]></Param>
      </CustomTask>
