<TransformSpec id="STIX21transformer_ac63a24db973fde0" abortIfErrorsOccur="false">
  <MetaData>
    <Label>STIX 2.1 transformer</Label>
    <Description xml:space="preserve"><![CDATA[]]></Description>
    <Modified>2023-06-14T12:54:49.385179Z</Modified>
    <Created>2023-06-13T09:31:04.035895Z</Created>
    <CreatedByUser>http://eccenca.com/karima.rafes%40gmail.com</CreatedByUser>
    <LastModifiedByUser>http://eccenca.com/karima.rafes%40gmail.com</LastModifiedByUser>
    <Tags> </Tags>
  </MetaData>
  <SourceDataset dataSource="MAEntrepriseJSON_14f0f94ed5de5daa" var="a" typeUri="">
    <RestrictTo xml:space="preserve">
          
        </RestrictTo>
  </SourceDataset>
  <RootMappingRule id="root">
    <MappingTarget uri="" isBackwardProperty="false" isAttribute="false">
      <ValueType nodeType="UriValueType"/>
    </MappingTarget>
    <MappingRules>
      <TransformRule name="uri">
        <MetaData>
          <Label></Label>
          <Description xml:space="preserve"><![CDATA[]]></Description>
          <Tags> </Tags>
        </MetaData>
        <TransformInput id="fixUri0" function="uriFix">
          <Input id="path0" path="id"/>
          <Param name="uriPrefix" xml:space="preserve"><![CDATA[https://github.com/mitre-attack/attack-stix-data#]]></Param>
        </TransformInput>
        <RuleLayout>
          <NodePositions>
            <NodePos id="path0" x="-374" y="-61"/>
            <NodePos id="fixUri0" x="1" y="-69"/>
          </NodePositions>
        </RuleLayout>
        <UiAnnotations>
          <StickyNotes> </StickyNotes>
        </UiAnnotations>
      </TransformRule>
      <TransformRule name="Object">
        <MetaData>
          <Label></Label>
          <Description xml:space="preserve"><![CDATA[]]></Description>
          <Tags> </Tags>
        </MetaData>
        <TransformInput id="generateType" function="constantUri">
          <Param name="value" xml:space="preserve"><![CDATA[<https://github.com/mitre/cti/blob/master/USAGE.md#Object>]]></Param>
        </TransformInput>
        <MappingTarget uri="http://www.w3.org/1999/02/22-rdf-syntax-ns#type" isBackwardProperty="false" isAttribute="false">
          <ValueType nodeType="UriValueType"/>
        </MappingTarget>
        <RuleLayout>
          <NodePositions> </NodePositions>
        </RuleLayout>
        <UiAnnotations>
          <StickyNotes> </StickyNotes>
        </UiAnnotations>
      </TransformRule>
      <ObjectMapping name="object" relativePath="objects">
        <MetaData>
          <Label></Label>
          <Description xml:space="preserve"><![CDATA[]]></Description>
          <Tags> </Tags>
        </MetaData>
        <MappingRules>
          <TransformRule name="uri1">
            <MetaData>
              <Label></Label>
              <Description xml:space="preserve"><![CDATA[]]></Description>
              <Tags> </Tags>
            </MetaData>
            <TransformInput id="buildUri" function="concat">
              <TransformInput id="constant0" function="constant">
                <Param name="value" xml:space="preserve"><![CDATA[https://github.com/mitre-attack/attack-stix-data#]]></Param>
              </TransformInput>
              <TransformInput id="encode1" function="urlEncode">
                <Input id="path1" path="id"/>
                <Param name="encoding" xml:space="preserve"><![CDATA[UTF-8]]></Param>
              </TransformInput>
              <Param name="glue" xml:space="preserve"><![CDATA[]]></Param>
              <Param name="missingValuesAsEmptyStrings" xml:space="preserve"><![CDATA[false]]></Param>
            </TransformInput>
            <RuleLayout>
              <NodePositions> </NodePositions>
            </RuleLayout>
            <UiAnnotations>
              <StickyNotes> </StickyNotes>
            </UiAnnotations>
          </TransformRule>
          <TransformRule name="Object2">
            <MetaData>
              <Label></Label>
              <Description xml:space="preserve"><![CDATA[]]></Description>
              <Tags> </Tags>
            </MetaData>
            <TransformInput id="generateType" function="constantUri">
              <Param name="value" xml:space="preserve"><![CDATA[<https://github.com/mitre/cti/blob/master/USAGE.md#Object>]]></Param>
            </TransformInput>
            <MappingTarget uri="http://www.w3.org/1999/02/22-rdf-syntax-ns#type" isBackwardProperty="false" isAttribute="false">
              <ValueType nodeType="UriValueType"/>
            </MappingTarget>
            <RuleLayout>
              <NodePositions> </NodePositions>
            </RuleLayout>
            <UiAnnotations>
              <StickyNotes> </StickyNotes>
            </UiAnnotations>
          </TransformRule>
          <TransformRule name="type">
            <MetaData>
              <Label></Label>
              <Description xml:space="preserve"><![CDATA[]]></Description>
              <Tags> </Tags>
            </MetaData>
            <TransformInput id="uriFix" function="uriFix">
              <Input id="type" path="type"/>
              <Param name="uriPrefix" xml:space="preserve"><![CDATA[https://github.com/mitre/cti/blob/master/USAGE.md#]]></Param>
            </TransformInput>
            <MappingTarget uri="https://github.com/mitre/cti/blob/master/USAGE.md#type" isBackwardProperty="false" isAttribute="false">
              <ValueType nodeType="UriValueType"/>
            </MappingTarget>
            <RuleLayout>
              <NodePositions>
                <NodePos id="type" x="-374" y="-75"/>
                <NodePos id="uriFix" x="135" y="-15"/>
              </NodePositions>
            </RuleLayout>
            <UiAnnotations>
              <StickyNotes> </StickyNotes>
            </UiAnnotations>
          </TransformRule>
          <TransformRule name="label">
            <MetaData>
              <Label></Label>
              <Description xml:space="preserve"><![CDATA[]]></Description>
              <Tags> </Tags>
            </MetaData>
            <Input id="label" path="name"/>
            <MappingTarget uri="http://www.w3.org/2000/01/rdf-schema#label" isBackwardProperty="false" isAttribute="false">
              <ValueType nodeType="StringValueType"/>
            </MappingTarget>
            <RuleLayout>
              <NodePositions> </NodePositions>
            </RuleLayout>
            <UiAnnotations>
              <StickyNotes> </StickyNotes>
            </UiAnnotations>
          </TransformRule>
          <TransformRule name="description">
            <MetaData>
              <Label></Label>
              <Description xml:space="preserve"><![CDATA[]]></Description>
              <Tags> </Tags>
            </MetaData>
            <TransformInput id="regexReplace" function="regexReplace">
              <Input id="description" path="description"/>
              <Param name="regex" xml:space="preserve"><![CDATA[\[([^\[\]]*)\]\(([^\(\)]*)\)]]></Param>
              <Param name="replace" xml:space="preserve"><![CDATA[<a href='$2' target='blank'>$1</a>]]></Param>
            </TransformInput>
            <MappingTarget uri="https://github.com/mitre/cti/blob/master/USAGE.md#description" isBackwardProperty="false" isAttribute="false">
              <ValueType nodeType="StringValueType"/>
            </MappingTarget>
            <RuleLayout>
              <NodePositions>
                <NodePos id="description" x="-224" y="-15"/>
                <NodePos id="regexReplace" x="120" y="-120"/>
              </NodePositions>
            </RuleLayout>
            <UiAnnotations>
              <StickyNotes> </StickyNotes>
            </UiAnnotations>
          </TransformRule>
          <ObjectMapping name="external_references" relativePath="external_references">
            <MetaData>
              <Label></Label>
              <Description xml:space="preserve"><![CDATA[]]></Description>
              <Tags> </Tags>
            </MetaData>
            <MappingRules>
              <TransformRule name="uri2">
                <MetaData>
                  <Label></Label>
                  <Description xml:space="preserve"><![CDATA[]]></Description>
                  <Tags> </Tags>
                </MetaData>
                <TransformInput id="uriFix" function="uriFix">
                  <TransformInput id="ifExists" function="ifExists">
                    <Input id="path0" path="url"/>
                    <Input id="sourcePathInput_2" path="url"/>
                    <Input id="sourcePathInput" path=""/>
                  </TransformInput>
                  <Param name="uriPrefix" xml:space="preserve"><![CDATA[http://example.com/]]></Param>
                </TransformInput>
                <RuleLayout>
                  <NodePositions>
                    <NodePos id="sourcePathInput" x="-949" y="-79"/>
                    <NodePos id="uriFix" x="-270" y="-300"/>
                    <NodePos id="fixUri0" x="1" y="8"/>
                    <NodePos id="path0" x="-944" y="-554"/>
                    <NodePos id="ifExists" x="-570" y="-270"/>
                    <NodePos id="sourcePathInput_2" x="-949" y="-319"/>
                  </NodePositions>
                </RuleLayout>
                <UiAnnotations>
                  <StickyNotes> </StickyNotes>
                </UiAnnotations>
              </TransformRule>
              <TransformRule name="Reference">
                <MetaData>
                  <Label></Label>
                  <Description xml:space="preserve"><![CDATA[]]></Description>
                  <Tags> </Tags>
                </MetaData>
                <TransformInput id="generateType" function="constantUri">
                  <Param name="value" xml:space="preserve"><![CDATA[<https://github.com/mitre/cti/blob/master/USAGE.md#Reference>]]></Param>
                </TransformInput>
                <MappingTarget uri="http://www.w3.org/1999/02/22-rdf-syntax-ns#type" isBackwardProperty="false" isAttribute="false">
                  <ValueType nodeType="UriValueType"/>
                </MappingTarget>
                <RuleLayout>
                  <NodePositions> </NodePositions>
                </RuleLayout>
                <UiAnnotations>
                  <StickyNotes> </StickyNotes>
                </UiAnnotations>
              </TransformRule>
              <TransformRule name="source_name">
                <MetaData>
                  <Label></Label>
                  <Description xml:space="preserve"><![CDATA[]]></Description>
                  <Tags> </Tags>
                </MetaData>
                <Input id="source_name" path="source_name"/>
                <MappingTarget uri="https://github.com/mitre/cti/blob/master/USAGE.md#source_name" isBackwardProperty="false" isAttribute="false">
                  <ValueType nodeType="StringValueType"/>
                </MappingTarget>
                <RuleLayout>
                  <NodePositions> </NodePositions>
                </RuleLayout>
                <UiAnnotations>
                  <StickyNotes> </StickyNotes>
                </UiAnnotations>
              </TransformRule>
              <TransformRule name="description1">
                <MetaData>
                  <Label></Label>
                  <Description xml:space="preserve"><![CDATA[]]></Description>
                  <Tags> </Tags>
                </MetaData>
                <Input id="description1" path="description"/>
                <MappingTarget uri="https://github.com/mitre/cti/blob/master/USAGE.md#description" isBackwardProperty="false" isAttribute="false">
                  <ValueType nodeType="StringValueType"/>
                </MappingTarget>
                <RuleLayout>
                  <NodePositions> </NodePositions>
                </RuleLayout>
                <UiAnnotations>
                  <StickyNotes> </StickyNotes>
                </UiAnnotations>
              </TransformRule>
              <TransformRule name="url">
                <MetaData>
                  <Label></Label>
                  <Description xml:space="preserve"><![CDATA[]]></Description>
                  <Tags> </Tags>
                </MetaData>
                <Input id="url" path="url"/>
                <MappingTarget uri="https://github.com/mitre/cti/blob/master/USAGE.md#url" isBackwardProperty="false" isAttribute="false">
                  <ValueType nodeType="StringValueType"/>
                </MappingTarget>
                <RuleLayout>
                  <NodePositions> </NodePositions>
                </RuleLayout>
                <UiAnnotations>
                  <StickyNotes> </StickyNotes>
                </UiAnnotations>
              </TransformRule>
              <TransformRule name="external_id">
                <MetaData>
                  <Label></Label>
                  <Description xml:space="preserve"><![CDATA[]]></Description>
                  <Tags> </Tags>
                </MetaData>
                <Input id="external_id" path="external_id"/>
                <MappingTarget uri="https://github.com/mitre/cti/blob/master/USAGE.md#external_id" isBackwardProperty="false" isAttribute="false">
                  <ValueType nodeType="StringValueType"/>
                </MappingTarget>
                <RuleLayout>
                  <NodePositions> </NodePositions>
                </RuleLayout>
                <UiAnnotations>
                  <StickyNotes> </StickyNotes>
                </UiAnnotations>
              </TransformRule>
              <TransformRule name="label1">
                <MetaData>
                  <Label></Label>
                  <Description xml:space="preserve"><![CDATA[]]></Description>
                  <Tags> </Tags>
                </MetaData>
                <TransformInput id="ifExists" function="ifExists">
                  <Input id="sourcePathInput" path="external_id"/>
                  <TransformInput id="concat" function="concat">
                    <TransformInput id="capitalize" function="capitalize">
                      <TransformInput id="regexExtract" function="regexExtract">
                        <Input id="sourcePathInput_2" path="url"/>
                        <Param name="regex" xml:space="preserve"><![CDATA[attack.mitre.org\/([^\/]+)]]></Param>
                        <Param name="extractAll" xml:space="preserve"><![CDATA[false]]></Param>
                      </TransformInput>
                      <Param name="allWords" xml:space="preserve"><![CDATA[false]]></Param>
                    </TransformInput>
                    <Input id="sourcePathInput_3" path="external_id"/>
                    <Param name="glue" xml:space="preserve"><![CDATA[ ]]></Param>
                    <Param name="missingValuesAsEmptyStrings" xml:space="preserve"><![CDATA[false]]></Param>
                  </TransformInput>
                  <Input id="label1" path="source_name"/>
                </TransformInput>
                <MappingTarget uri="http://www.w3.org/2000/01/rdf-schema#label" isBackwardProperty="false" isAttribute="false">
                  <ValueType nodeType="StringValueType"/>
                </MappingTarget>
                <RuleLayout>
                  <NodePositions>
                    <NodePos id="sourcePathInput" x="-375" y="-405"/>
                    <NodePos id="label1" x="-359" y="180"/>
                    <NodePos id="capitalize" x="-720" y="-210"/>
                    <NodePos id="concat" x="-375" y="-165"/>
                    <NodePos id="ifExists" x="15" y="-180"/>
                    <NodePos id="sourcePathInput_2" x="-1395" y="-255"/>
                    <NodePos id="regexExtract" x="-1035" y="-255"/>
                    <NodePos id="sourcePathInput_3" x="-740" y="40"/>
                  </NodePositions>
                </RuleLayout>
                <UiAnnotations>
                  <StickyNotes> </StickyNotes>
                </UiAnnotations>
              </TransformRule>
            </MappingRules>
            <MappingTarget uri="https://github.com/mitre/cti/blob/master/USAGE.md#external_references" isBackwardProperty="false" isAttribute="false">
              <ValueType nodeType="UriValueType"/>
            </MappingTarget>
          </ObjectMapping>
          <TransformRule name="source_ref">
            <MetaData>
              <Label></Label>
              <Description xml:space="preserve"><![CDATA[]]></Description>
              <Tags> </Tags>
            </MetaData>
            <Input id="source_ref" path="source_ref"/>
            <MappingTarget uri="https://github.com/mitre/cti/blob/master/USAGE.md#source_ref" isBackwardProperty="false" isAttribute="false">
              <ValueType nodeType="StringValueType"/>
            </MappingTarget>
            <RuleLayout>
              <NodePositions> </NodePositions>
            </RuleLayout>
            <UiAnnotations>
              <StickyNotes> </StickyNotes>
            </UiAnnotations>
          </TransformRule>
          <TransformRule name="target_ref">
            <MetaData>
              <Label></Label>
              <Description xml:space="preserve"><![CDATA[]]></Description>
              <Tags> </Tags>
            </MetaData>
            <Input id="target_ref" path="target_ref"/>
            <MappingTarget uri="https://github.com/mitre/cti/blob/master/USAGE.md#target_ref" isBackwardProperty="false" isAttribute="false">
              <ValueType nodeType="StringValueType"/>
            </MappingTarget>
            <RuleLayout>
              <NodePositions> </NodePositions>
            </RuleLayout>
            <UiAnnotations>
              <StickyNotes> </StickyNotes>
            </UiAnnotations>
          </TransformRule>
          <TransformRule name="relationship_type">
            <MetaData>
              <Label></Label>
              <Description xml:space="preserve"><![CDATA[]]></Description>
              <Tags> </Tags>
            </MetaData>
            <Input id="relationship_type" path="relationship_type"/>
            <MappingTarget uri="https://github.com/mitre/cti/blob/master/USAGE.md#relationship_type" isBackwardProperty="false" isAttribute="false">
              <ValueType nodeType="StringValueType"/>
            </MappingTarget>
            <RuleLayout>
              <NodePositions> </NodePositions>
            </RuleLayout>
            <UiAnnotations>
              <StickyNotes> </StickyNotes>
            </UiAnnotations>
          </TransformRule>
        </MappingRules>
        <MappingTarget uri="https://github.com/mitre/cti/blob/master/USAGE.md#object" isBackwardProperty="false" isAttribute="false">
          <ValueType nodeType="UriValueType"/>
        </MappingTarget>
      </ObjectMapping>
    </MappingRules>
    <MetaData>
      <Label></Label>
      <Description xml:space="preserve"><![CDATA[]]></Description>
      <Tags> </Tags>
    </MetaData>
  </RootMappingRule>
  <Outputs>
    <Output id="MAEntrepriseknowledgegraph_99e79e44a26ee187"></Output>
  </Outputs>
  <TargetVocabularyCategory>all installed vocabularies</TargetVocabularyCategory>
  <Params name="selection"></Params>
</TransformSpec>
