<CustomTask id="Distinctbykey_4c59c54a1119f34b" type="DistinctBy"><MetaData>
        <Label>Distinct by key</Label>
        <Description xml:space="preserve"><![CDATA[]]></Description>
        <Modified>2023-11-07T22:10:31.484926645Z</Modified>
        <Created>2023-11-07T22:10:31.484926645Z</Created>
        <CreatedByUser>http://eccenca.com/admin</CreatedByUser>
        <LastModifiedByUser>http://eccenca.com/admin</LastModifiedByUser>
        <Tags>
          
        </Tags>
      </MetaData>
        <Param name="distinctPath" xml:space="preserve"><![CDATA[key]]></Param><Param name="resolveDuplicates" xml:space="preserve"><![CDATA[keepLast]]></Param>
      </CustomTask>
