<CustomTask id="Parsemessagecontent_af79b343a3371ab8" type="JsonParserOperator"><MetaData>
        <Label>Parse message content</Label>
        <Description xml:space="preserve"><![CDATA[]]></Description>
        <Modified>2023-11-07T22:24:43.573324625Z</Modified>
        <Created>2023-11-07T22:12:09.957559967Z</Created>
        <CreatedByUser>http://eccenca.com/admin</CreatedByUser>
        <LastModifiedByUser>http://eccenca.com/admin</LastModifiedByUser>
        <Tags>
          
        </Tags>
      </MetaData>
        <Param name="inputPath" xml:space="preserve"><![CDATA[content]]></Param><Param name="basePath" xml:space="preserve"><![CDATA[]]></Param><Param name="uriSuffixPattern" xml:space="preserve"><![CDATA[]]></Param>
      </CustomTask>
