<CustomTask id="Readrecords2_30f93045218dfa62" type="cmem_plugin_kafka-ReceiveMessages"><MetaData>
        <Label>Read records 2</Label>
        <Description xml:space="preserve"><![CDATA[Reads records from products_topic]]></Description>
        <Modified>2023-11-08T10:32:25.994593512Z</Modified>
        <Created>2023-11-07T16:02:02.900555881Z</Created>
        <CreatedByUser>http://eccenca.com/admin</CreatedByUser>
        <LastModifiedByUser>http://eccenca.com/admin</LastModifiedByUser>
        <Tags>
          
        </Tags>
      </MetaData>
        <Param name="group_id" xml:space="preserve"><![CDATA[]]></Param><Param name="sasl_username" xml:space="preserve"><![CDATA[3Z5CQL5MY62R3RVM]]></Param><Param name="message_dataset" xml:space="preserve"><![CDATA[]]></Param><Param name="sasl_password" xml:space="preserve"><![CDATA[IiLajkjVnPVLXo0BVm3gMJT9YdRyUkerwjWmjdhNxZKry2Xb7vzih0Ly4UNR7amU]]></Param><Param name="security_protocol" xml:space="preserve"><![CDATA[SASL_SSL]]></Param><Param name="bootstrap_servers" xml:space="preserve"><![CDATA[pkc-7xoy1.eu-central-1.aws.confluent.cloud:9092]]></Param><Param name="disable_commit" xml:space="preserve"><![CDATA[false]]></Param><Param name="sasl_mechanisms" xml:space="preserve"><![CDATA[PLAIN]]></Param><Param name="local_consumer_queue_size" xml:space="preserve"><![CDATA[3000]]></Param><Param name="message_limit" xml:space="preserve"><![CDATA[1000]]></Param><Param name="kafka_topic" xml:space="preserve"><![CDATA[products_topic]]></Param><Param name="client_id" xml:space="preserve"><![CDATA[eccenca-cmem-client]]></Param><Param name="auto_offset_reset" xml:space="preserve"><![CDATA[earliest]]></Param>
      </CustomTask>
