<CustomTask id="SPARQLSelectquery_4c02424134fbe77e" type="sparqlSelectOperator"><MetaData>
        <Label>SPARQL Select query</Label>
        <Description xml:space="preserve"><![CDATA[]]></Description>
        <Modified>2023-11-07T23:34:04.242752311Z</Modified>
        <Created>2023-11-07T23:29:15.438264182Z</Created>
        <CreatedByUser>http://eccenca.com/admin</CreatedByUser>
        <LastModifiedByUser>http://eccenca.com/admin</LastModifiedByUser>
        <Tags>
          
        </Tags>
      </MetaData>
        <Param name="selectQuery" xml:space="preserve"><![CDATA[SELECT ?mapfrom (?mapfrom AS ?mapto)
WHERE {
	VALUES ?mapfrom { "3" "4" "33" "34" "43" "44" "333" "334" "343" "344" "433" "434" "443" "444" }
}]]></Param><Param name="limit" xml:space="preserve"><![CDATA[]]></Param><Param name="optionalInputDataset" xml:space="preserve"><![CDATA[]]></Param><Param name="sparqlTimeout" xml:space="preserve"><![CDATA[0]]></Param>
      </CustomTask>
