<Workflow id="DemoWf1_e9b16f4c0224ec9a" replaceableInputs="" replaceableOutputs="">
  <MetaData>
    <Label>Demo Wf 1</Label>
    <Description xml:space="preserve"><![CDATA[Consumes records from products_topic and writes to a plain record dataset]]></Description>
    <Modified>2023-11-07T23:47:03.093950047Z</Modified>
    <Created>2023-11-07T22:01:48.255555917Z</Created>
    <CreatedByUser>http://eccenca.com/admin</CreatedByUser>
    <LastModifiedByUser>http://eccenca.com/admin</LastModifiedByUser>
    <Tags> </Tags>
  </MetaData>
  <Operator posX="705" posY="-150" task="Readrecords1_2c77504d96c5ea76" inputs="" outputs="" errorOutputs="" id="Readrecords1_2c77504d96c5ea76" configInputs="" dependencyInputs=""/>
  <UiAnnotations>
    <StickyNotes>
      <StickyNote id="sticky" color="#e65100">
        <Content xml:space="preserve"><![CDATA[Writes to a message dump dataset]]></Content>
        <Position x="705.0" y="-240.0"/>
        <Dimension width="240.0" height="34.0"/>
      </StickyNote>
    </StickyNotes>
  </UiAnnotations>
</Workflow>
