<Workflow id="DemoWf5_781f204fa0546758" replaceableInputs="" replaceableOutputs="">
  <MetaData>
    <Label>Demo Wf 5</Label>
    <Description xml:space="preserve"><![CDATA[Consumes records from products_topic and writes to a plain record dataset
Filters duplicates
Extracts JSON message from plain record dataset
Transforms JSON to Graph
Filters products according to a specific filter criteria inside the data using the Excel Map feature]]></Description>
    <Modified>2023-11-07T23:40:44.126552521Z</Modified>
    <Created>2023-11-07T23:22:39.224879269Z</Created>
    <CreatedByUser>http://eccenca.com/admin</CreatedByUser>
    <LastModifiedByUser>http://eccenca.com/admin</LastModifiedByUser>
    <Tags> </Tags>
  </MetaData>
  <Operator posX="-15" posY="180" task="Readrecords2_30f93045218dfa62" inputs="" outputs="ProductsPlainKafkaContent_70e6884e11d26939" errorOutputs="" id="Readrecords2_30f93045218dfa62" configInputs="" dependencyInputs="ExcelRelevantProductIDs_4e6fdc4aecb14a4d"/>
  <Operator posX="375" posY="450" task="Parsemessagecontent_af79b343a3371ab8" inputs="Distinctbykey_4c59c54a1119f34b" outputs="TransformProducts2_9f5e7b488d96057c" errorOutputs="" id="Parsemessagecontent_af79b343a3371ab8" configInputs="" dependencyInputs=""/>
  <Operator posX="-360" posY="450" task="Transformidemkeycontent_707d54466cce3e12" inputs="ProductsPlainKafkaContent_70e6884e11d26939" outputs="Distinctbykey_4c59c54a1119f34b" errorOutputs="" id="Transformidemkeycontent_707d54466cce3e12" configInputs="" dependencyInputs=""/>
  <Operator posX="-15" posY="450" task="Distinctbykey_4c59c54a1119f34b" inputs="Transformidemkeycontent_707d54466cce3e12" outputs="Parsemessagecontent_af79b343a3371ab8" errorOutputs="" id="Distinctbykey_4c59c54a1119f34b" configInputs="" dependencyInputs=""/>
  <Operator posX="-735" posY="-45" task="SPARQLSelectquery_4c02424134fbe77e" inputs="KafkaProductsKnowledgeGraphDELTA_9b09cb48ea1396a9_2" outputs="ExcelRelevantProductIDs_4e6fdc4aecb14a4d" errorOutputs="" id="SPARQLSelectquery_4c02424134fbe77e" configInputs="" dependencyInputs=""/>
  <Operator posX="-360" posY="675" task="TransformProducts2_9f5e7b488d96057c" inputs="Parsemessagecontent_af79b343a3371ab8" outputs="KafkaProductsKnowledgeGraphDELTA_9b09cb48ea1396a9" errorOutputs="" id="TransformProducts2_9f5e7b488d96057c" configInputs="" dependencyInputs=""/>
  <Dataset posX="375" posY="180" task="ProductsPlainKafkaContent_70e6884e11d26939" inputs="Readrecords2_30f93045218dfa62" outputs="Transformidemkeycontent_707d54466cce3e12" id="ProductsPlainKafkaContent_70e6884e11d26939" configInputs="" dependencyInputs=""/>
  <Dataset posX="-15" posY="675" task="KafkaProductsKnowledgeGraphDELTA_9b09cb48ea1396a9" inputs="TransformProducts2_9f5e7b488d96057c" outputs="" id="KafkaProductsKnowledgeGraphDELTA_9b09cb48ea1396a9" configInputs="" dependencyInputs=""/>
  <Dataset posX="-435" posY="-45" task="ExcelRelevantProductIDs_4e6fdc4aecb14a4d" inputs="SPARQLSelectquery_4c02424134fbe77e" outputs="" id="ExcelRelevantProductIDs_4e6fdc4aecb14a4d" configInputs="" dependencyInputs=""/>
  <Dataset posX="-1035" posY="-45" task="KafkaProductsKnowledgeGraphDELTA_9b09cb48ea1396a9" inputs="" outputs="SPARQLSelectquery_4c02424134fbe77e" id="KafkaProductsKnowledgeGraphDELTA_9b09cb48ea1396a9_2" configInputs="" dependencyInputs=""/>
  <UiAnnotations>
    <StickyNotes>
      <StickyNote id="sticky" color="#ffd54f">
        <Content xml:space="preserve"><![CDATA[Prepare filter criteria based on existing data]]></Content>
        <Position x="-435.0" y="-135.0"/>
        <Dimension width="240.0" height="51.0"/>
      </StickyNote>
      <StickyNote id="sticky_2" color="#ffd54f">
        <Content xml:space="preserve"><![CDATA[Apply filter criteria during mapping]]></Content>
        <Position x="-360.0" y="585.0"/>
        <Dimension width="242.0" height="34.0"/>
      </StickyNote>
    </StickyNotes>
  </UiAnnotations>
</Workflow>
