<Workflow id="DemoWf4_2b80764ad67ddb75" replaceableInputs="" replaceableOutputs="">
  <MetaData>
    <Label>Demo Wf 4</Label>
    <Description xml:space="preserve"><![CDATA[Consumes records from products_topic and writes to a plain record dataset
Filters duplicates
Extracts JSON message from plain record dataset
Transforms JSON to Graph]]></Description>
    <Modified>2023-11-07T23:53:20.287178719Z</Modified>
    <Created>2023-11-07T22:35:05.651807039Z</Created>
    <CreatedByUser>http://eccenca.com/admin</CreatedByUser>
    <LastModifiedByUser>http://eccenca.com/admin</LastModifiedByUser>
    <Tags> </Tags>
  </MetaData>
  <Operator posX="-15" posY="180" task="Readrecords2_30f93045218dfa62" inputs="" outputs="ProductsPlainKafkaContent_70e6884e11d26939" errorOutputs="" id="Readrecords2_30f93045218dfa62" configInputs="" dependencyInputs=""/>
  <Operator posX="375" posY="450" task="Parsemessagecontent_af79b343a3371ab8" inputs="Distinctbykey_4c59c54a1119f34b" outputs="ParseProducts_e5fc1b4ba9cd7002" errorOutputs="" id="Parsemessagecontent_af79b343a3371ab8" configInputs="" dependencyInputs=""/>
  <Operator posX="-360" posY="450" task="Transformidemkeycontent_707d54466cce3e12" inputs="ProductsPlainKafkaContent_70e6884e11d26939" outputs="Distinctbykey_4c59c54a1119f34b" errorOutputs="" id="Transformidemkeycontent_707d54466cce3e12" configInputs="" dependencyInputs=""/>
  <Operator posX="-15" posY="450" task="Distinctbykey_4c59c54a1119f34b" inputs="Transformidemkeycontent_707d54466cce3e12" outputs="Parsemessagecontent_af79b343a3371ab8" errorOutputs="" id="Distinctbykey_4c59c54a1119f34b" configInputs="" dependencyInputs=""/>
  <Operator posX="-360" posY="675" task="ParseProducts_e5fc1b4ba9cd7002" inputs="Parsemessagecontent_af79b343a3371ab8" outputs="KafkaProductsKnowledgeGraphDELTA_9b09cb48ea1396a9" errorOutputs="" id="ParseProducts_e5fc1b4ba9cd7002" configInputs="" dependencyInputs=""/>
  <Dataset posX="375" posY="180" task="ProductsPlainKafkaContent_70e6884e11d26939" inputs="Readrecords2_30f93045218dfa62" outputs="Transformidemkeycontent_707d54466cce3e12" id="ProductsPlainKafkaContent_70e6884e11d26939" configInputs="" dependencyInputs=""/>
  <Dataset posX="-15" posY="675" task="KafkaProductsKnowledgeGraphDELTA_9b09cb48ea1396a9" inputs="ParseProducts_e5fc1b4ba9cd7002" outputs="" id="KafkaProductsKnowledgeGraphDELTA_9b09cb48ea1396a9" configInputs="" dependencyInputs=""/>
  <UiAnnotations>
    <StickyNotes>
      <StickyNote id="sticky" color="#ae3c74">
        <Content xml:space="preserve"><![CDATA[Transformation needed here since a flexible output port cannot be connected to a flexible input port.
Schema of flowing data would be undefined.]]></Content>
        <Position x="-360.0" y="360.0"/>
        <Dimension width="240.0" height="68.0"/>
      </StickyNote>
    </StickyNotes>
  </UiAnnotations>
</Workflow>
