<Workflow id="DemoWf2_85839c47f54be13f" replaceableInputs="" replaceableOutputs="">
  <MetaData>
    <Label>Demo Wf 2</Label>
    <Description xml:space="preserve"><![CDATA[Consumes records from products_topic and writes to a plain record dataset]]></Description>
    <Modified>2023-11-08T00:09:38.953819868Z</Modified>
    <Created>2023-11-07T16:01:58.839096747Z</Created>
    <CreatedByUser>http://eccenca.com/admin</CreatedByUser>
    <LastModifiedByUser>http://eccenca.com/admin</LastModifiedByUser>
    <Tags> </Tags>
  </MetaData>
  <Operator posX="-15" posY="180" task="ReadPMDfromPMDSPMDQ_30f93045218dfa62" inputs="" outputs="ProductsPlainKafkaContent_70e6884e11d26939" errorOutputs="" id="ReadPMDfromPMDSPMDQ_30f93045218dfa62" configInputs="" dependencyInputs=""/>
  <Dataset posX="375" posY="180" task="ProductsPlainKafkaContent_70e6884e11d26939" inputs="ReadPMDfromPMDSPMDQ_30f93045218dfa62" outputs="" id="ProductsPlainKafkaContent_70e6884e11d26939" configInputs="" dependencyInputs=""/>
  <UiAnnotations>
    <StickyNotes>
      <StickyNote id="sticky" color="#1b5e20">
        <Content xml:space="preserve"><![CDATA[Writes to a plain message dataset]]></Content>
        <Position x="-15.0" y="90.0"/>
        <Dimension width="240.0" height="34.0"/>
      </StickyNote>
      <StickyNote id="sticky_2" color="#ffd54f">
        <Content xml:space="preserve"><![CDATA[Messages are only committed at topic if dataset was succesfully written, i.e.
- no errors with Kafka communication
- no errors when writing dataset]]></Content>
        <Position x="375.0" y="60.0"/>
        <Dimension width="240.0" height="105.0"/>
      </StickyNote>
    </StickyNotes>
  </UiAnnotations>
</Workflow>
