<Workflow id="DemoWf3_08102944e299343c" replaceableInputs="" replaceableOutputs="">
  <MetaData>
    <Label>Demo Wf 3</Label>
    <Description xml:space="preserve"><![CDATA[Consumes records from products_topic and writes to a plain record dataset
Extracts JSON message from plain record dataset
Transforms JSON to Graph

!! Products may contain duplicate values (due to messages with same id and different values)]]></Description>
    <Modified>2023-11-07T23:15:05.220182654Z</Modified>
    <Created>2023-11-07T22:04:46.008570993Z</Created>
    <CreatedByUser>http://eccenca.com/admin</CreatedByUser>
    <LastModifiedByUser>http://eccenca.com/admin</LastModifiedByUser>
    <Tags> </Tags>
  </MetaData>
  <Operator posX="-15" posY="180" task="Readrecords2_30f93045218dfa62" inputs="" outputs="ProductsPlainKafkaContent_70e6884e11d26939" errorOutputs="" id="Readrecords2_30f93045218dfa62" configInputs="" dependencyInputs=""/>
  <Operator posX="375" posY="450" task="Parsemessagecontent_af79b343a3371ab8" inputs="ProductsPlainKafkaContent_70e6884e11d26939" outputs="ParseProducts_e5fc1b4ba9cd7002" errorOutputs="" id="Parsemessagecontent_af79b343a3371ab8" configInputs="" dependencyInputs=""/>
  <Operator posX="-360" posY="705" task="ParseProducts_e5fc1b4ba9cd7002" inputs="Parsemessagecontent_af79b343a3371ab8" outputs="KafkaProductsKnowledgeGraphDELTA_9b09cb48ea1396a9" errorOutputs="" id="ParseProducts_e5fc1b4ba9cd7002" configInputs="" dependencyInputs=""/>
  <Dataset posX="375" posY="180" task="ProductsPlainKafkaContent_70e6884e11d26939" inputs="Readrecords2_30f93045218dfa62" outputs="Parsemessagecontent_af79b343a3371ab8" id="ProductsPlainKafkaContent_70e6884e11d26939" configInputs="" dependencyInputs=""/>
  <Dataset posX="-15" posY="705" task="KafkaProductsKnowledgeGraphDELTA_9b09cb48ea1396a9" inputs="ParseProducts_e5fc1b4ba9cd7002" outputs="" id="KafkaProductsKnowledgeGraphDELTA_9b09cb48ea1396a9" configInputs="" dependencyInputs=""/>
  <UiAnnotations>
    <StickyNotes> </StickyNotes>
  </UiAnnotations>
</Workflow>
