<TransformSpec id="Create_Organization_Triples">
  <MetaData>
    <Label>Transform Organization XML -&gt; RDF</Label>
    <Description xml:space="preserve"><![CDATA[Transform data from an XML Dataset into a Knowledge Graph. ]]></Description>
    <Modified>2020-12-04T06:32:29.806Z</Modified>
    <LastModifiedByUser>http://eccenca.com/npetersen</LastModifiedByUser>
  </MetaData>
  <SourceDataset dataSource="Orgmap_XML" var="a" typeUri="dept">
    <RestrictTo> </RestrictTo>
  </SourceDataset>
  <RootMappingRule id="root">
    <MappingRules>
      <TransformRule name="uri">
        <MetaData>
          <Label>uri</Label>
          <Description xml:space="preserve"><![CDATA[]]></Description>
        </MetaData>
        <TransformInput id="buildUri" function="concat">
          <TransformInput id="constant0" function="constant">
            <Param name="value" xml:space="preserve"><![CDATA[http://ld.company.org/dept/]]></Param>
          </TransformInput>
          <TransformInput id="encode1" function="urlEncode">
            <Input id="path1" path="@id"/>
            <Param name="encoding" xml:space="preserve"><![CDATA[UTF-8]]></Param>
          </TransformInput>
          <Param name="glue" xml:space="preserve"><![CDATA[]]></Param>
          <Param name="missingValuesAsEmptyStrings" xml:space="preserve"><![CDATA[false]]></Param>
        </TransformInput>
      </TransformRule>
      <TransformRule name="Department6">
        <MetaData>
          <Label>Department</Label>
          <Description xml:space="preserve"><![CDATA[]]></Description>
        </MetaData>
        <TransformInput id="generateType" function="constantUri">
          <Param name="value" xml:space="preserve"><![CDATA[<http://ld.company.org/prod-vocab/Department>]]></Param>
        </TransformInput>
        <MappingTarget uri="http://www.w3.org/1999/02/22-rdf-syntax-ns#type" isBackwardProperty="false" isAttribute="false">
          <ValueType nodeType="UriValueType"/>
        </MappingTarget>
      </TransformRule>
      <TransformRule name="label">
        <MetaData>
          <Label>Department name</Label>
          <Description xml:space="preserve"><![CDATA[]]></Description>
        </MetaData>
        <Input id="label" path="@name"/>
        <MappingTarget uri="http://www.w3.org/2000/01/rdf-schema#label" isBackwardProperty="false" isAttribute="false">
          <ValueType nodeType="StringValueType"/>
        </MappingTarget>
      </TransformRule>
      <ObjectMapping name="memberOf" relativePath="">
        <MetaData>
          <Label>Employee</Label>
          <Description xml:space="preserve"><![CDATA[]]></Description>
        </MetaData>
        <MappingRules>
          <TransformRule name="uri1">
            <MetaData>
              <Label>uri</Label>
              <Description xml:space="preserve"><![CDATA[]]></Description>
            </MetaData>
            <TransformInput id="buildUri" function="concat">
              <TransformInput id="constant0" function="constant">
                <Param name="value" xml:space="preserve"><![CDATA[http://ld.company.org/emp/]]></Param>
              </TransformInput>
              <TransformInput id="encode1" function="urlEncode">
                <Input id="path1" path="employees/employee/email"/>
                <Param name="encoding" xml:space="preserve"><![CDATA[UTF-8]]></Param>
              </TransformInput>
              <Param name="glue" xml:space="preserve"><![CDATA[]]></Param>
              <Param name="missingValuesAsEmptyStrings" xml:space="preserve"><![CDATA[false]]></Param>
            </TransformInput>
          </TransformRule>
          <TransformRule name="Employee2">
            <MetaData>
              <Label>Employee</Label>
              <Description xml:space="preserve"><![CDATA[]]></Description>
            </MetaData>
            <TransformInput id="generateType" function="constantUri">
              <Param name="value" xml:space="preserve"><![CDATA[<http://ld.company.org/prod-vocab/Employee>]]></Param>
            </TransformInput>
            <MappingTarget uri="http://www.w3.org/1999/02/22-rdf-syntax-ns#type" isBackwardProperty="false" isAttribute="false">
              <ValueType nodeType="UriValueType"/>
            </MappingTarget>
          </TransformRule>
        </MappingRules>
        <MappingTarget uri="http://ld.company.org/prod-vocab/memberOf" isBackwardProperty="true" isAttribute="false">
          <ValueType nodeType="UriValueType"/>
        </MappingTarget>
      </ObjectMapping>
      <ObjectMapping name="responsibleFor" relativePath="">
        <MetaData>
          <Label>Product</Label>
          <Description xml:space="preserve"><![CDATA[]]></Description>
        </MetaData>
        <MappingRules>
          <TransformRule name="uri2">
            <MetaData>
              <Label>uri</Label>
              <Description xml:space="preserve"><![CDATA[]]></Description>
            </MetaData>
            <TransformInput id="buildUri" function="concat">
              <TransformInput id="constant0" function="constant">
                <Param name="value" xml:space="preserve"><![CDATA[http://ld.company.org/product/]]></Param>
              </TransformInput>
              <TransformInput id="encode1" function="urlEncode">
                <Input id="path1" path="products/product/@id"/>
                <Param name="encoding" xml:space="preserve"><![CDATA[UTF-8]]></Param>
              </TransformInput>
              <Param name="glue" xml:space="preserve"><![CDATA[]]></Param>
              <Param name="missingValuesAsEmptyStrings" xml:space="preserve"><![CDATA[false]]></Param>
            </TransformInput>
          </TransformRule>
          <TransformRule name="Product3">
            <MetaData>
              <Label>Product</Label>
              <Description xml:space="preserve"><![CDATA[]]></Description>
            </MetaData>
            <TransformInput id="generateType" function="constantUri">
              <Param name="value" xml:space="preserve"><![CDATA[<http://ld.company.org/prod-vocab/Product>]]></Param>
            </TransformInput>
            <MappingTarget uri="http://www.w3.org/1999/02/22-rdf-syntax-ns#type" isBackwardProperty="false" isAttribute="false">
              <ValueType nodeType="UriValueType"/>
            </MappingTarget>
          </TransformRule>
        </MappingRules>
        <MappingTarget uri="http://ld.company.org/prod-vocab/responsibleFor" isBackwardProperty="false" isAttribute="false">
          <ValueType nodeType="UriValueType"/>
        </MappingTarget>
      </ObjectMapping>
      <ObjectMapping name="property-headof" relativePath="">
        <MetaData>
          <Label>Manager</Label>
          <Description xml:space="preserve"><![CDATA[]]></Description>
        </MetaData>
        <MappingRules>
          <TransformRule name="uri3">
            <MetaData>
              <Label>uri</Label>
              <Description xml:space="preserve"><![CDATA[]]></Description>
            </MetaData>
            <TransformInput id="buildUri" function="concat">
              <TransformInput id="constant0" function="constant">
                <Param name="value" xml:space="preserve"><![CDATA[http://ld.company.org/product/]]></Param>
              </TransformInput>
              <TransformInput id="encode1" function="urlEncode">
                <Input id="path1" path="manager/email"/>
                <Param name="encoding" xml:space="preserve"><![CDATA[UTF-8]]></Param>
              </TransformInput>
              <Param name="glue" xml:space="preserve"><![CDATA[]]></Param>
              <Param name="missingValuesAsEmptyStrings" xml:space="preserve"><![CDATA[false]]></Param>
            </TransformInput>
          </TransformRule>
          <TransformRule name="Manager3">
            <MetaData>
              <Label>Manager</Label>
              <Description xml:space="preserve"><![CDATA[]]></Description>
            </MetaData>
            <TransformInput id="generateType" function="constantUri">
              <Param name="value" xml:space="preserve"><![CDATA[<http://ld.company.org/prod-vocab/Manager>]]></Param>
            </TransformInput>
            <MappingTarget uri="http://www.w3.org/1999/02/22-rdf-syntax-ns#type" isBackwardProperty="false" isAttribute="false">
              <ValueType nodeType="UriValueType"/>
            </MappingTarget>
          </TransformRule>
        </MappingRules>
        <MappingTarget uri="https://www.w3.org/TR/vocab-org/#property-headof" isBackwardProperty="true" isAttribute="false">
          <ValueType nodeType="UriValueType"/>
        </MappingTarget>
      </ObjectMapping>
    </MappingRules>
    <MetaData>
      <Label>Department</Label>
      <Description xml:space="preserve"><![CDATA[]]></Description>
    </MetaData>
  </RootMappingRule>
  <Outputs>
    <Output id="Organization_Knowledge_Graph"></Output>
  </Outputs>
  <TargetVocabularies>
    <Vocabulary uri="http://ld.company.org/prod-vocab/"/>
  </TargetVocabularies>
</TransformSpec>
