<Dataset id="txttemplatetestouput_5173e949792b9ddf" type="text" uriProperty="" readOnly="false">
  <MetaData>
    <Label>txt: email message</Label>
    <Description xml:space="preserve"><![CDATA[]]></Description>
    <Modified>2023-04-28T16:00:29.835835Z</Modified>
    <Created>2023-04-28T16:00:29.835835Z</Created>
    <CreatedByUser>http://eccenca.com/admin</CreatedByUser>
    <LastModifiedByUser>http://eccenca.com/admin</LastModifiedByUser>
    <Tags> </Tags>
  </MetaData>
  <Param name="file" xml:space="preserve"><![CDATA[template_test_output.txt]]></Param>
  <Param name="charset" xml:space="preserve"><![CDATA[UTF-8]]></Param>
  <Param name="typeName" xml:space="preserve"><![CDATA[type]]></Param>
  <Param name="property" xml:space="preserve"><![CDATA[text]]></Param>
</Dataset>
