<Dataset id="MAEntrepriseJSON_14f0f94ed5de5daa" type="json" uriProperty="" readOnly="false">
  <MetaData>
    <Label>MA Entreprise (JSON)</Label>
    <Description xml:space="preserve"><![CDATA[]]></Description>
    <Modified>2023-06-13T08:54:29.641586Z</Modified>
    <Created>2023-06-13T08:54:29.641586Z</Created>
    <CreatedByUser>http://eccenca.com/karima.rafes%40gmail.com</CreatedByUser>
    <LastModifiedByUser>http://eccenca.com/karima.rafes%40gmail.com</LastModifiedByUser>
    <Tags> </Tags>
  </MetaData>
  <Param name="streaming" xml:space="preserve"><![CDATA[true]]></Param>
  <Param name="maxDepth" xml:space="preserve"><![CDATA[15]]></Param>
  <Param name="basePath" xml:space="preserve"><![CDATA[]]></Param>
  <Param name="template" xml:space="preserve"><![CDATA[{{output}}]]></Param>
  <Param name="file" xml:space="preserve"><![CDATA[enterprise-attack.json]]></Param>
  <Param name="uriPattern" xml:space="preserve"><![CDATA[]]></Param>
</Dataset>
