<Dataset id="MAICSJSON_e024c6433ed523e1" type="json" uriProperty="" readOnly="false">
  <MetaData>
    <Label>MA ICS (JSON)</Label>
    <Description xml:space="preserve"><![CDATA[]]></Description>
    <Modified>2023-06-13T08:55:33.687531Z</Modified>
    <Created>2023-06-13T08:55:33.687531Z</Created>
    <CreatedByUser>http://eccenca.com/karima.rafes%40gmail.com</CreatedByUser>
    <LastModifiedByUser>http://eccenca.com/karima.rafes%40gmail.com</LastModifiedByUser>
    <Tags> </Tags>
  </MetaData>
  <Param name="streaming" xml:space="preserve"><![CDATA[true]]></Param>
  <Param name="maxDepth" xml:space="preserve"><![CDATA[15]]></Param>
  <Param name="basePath" xml:space="preserve"><![CDATA[]]></Param>
  <Param name="template" xml:space="preserve"><![CDATA[{{output}}]]></Param>
  <Param name="file" xml:space="preserve"><![CDATA[ics-attack.json]]></Param>
  <Param name="uriPattern" xml:space="preserve"><![CDATA[]]></Param>
</Dataset>
