<Dataset id="MAICSknowledgegraph_e408c049327cc896" type="eccencaDataPlatform" uriProperty="" readOnly="false">
  <MetaData>
    <Label>MA ICS (knowledge graph)</Label>
    <Description xml:space="preserve"><![CDATA[]]></Description>
    <Modified>2023-06-13T09:01:56.475251Z</Modified>
    <Created>2023-06-13T09:01:56.475251Z</Created>
    <CreatedByUser>http://eccenca.com/karima.rafes%40gmail.com</CreatedByUser>
    <LastModifiedByUser>http://eccenca.com/karima.rafes%40gmail.com</LastModifiedByUser>
    <Tags> </Tags>
  </MetaData>
  <Param name="pageSize" xml:space="preserve"><![CDATA[100000]]></Param>
  <Param name="clearGraphBeforeExecution" xml:space="preserve"><![CDATA[true]]></Param>
  <Param name="optimizedRetrieve" xml:space="preserve"><![CDATA[true]]></Param>
  <Param name="pauseTime" xml:space="preserve"><![CDATA[0]]></Param>
  <Param name="retryCount" xml:space="preserve"><![CDATA[3]]></Param>
  <Param name="strategy" xml:space="preserve"><![CDATA[parallel]]></Param>
  <Param name="retryPause" xml:space="preserve"><![CDATA[1000]]></Param>
  <Param name="endpoint" xml:space="preserve"><![CDATA[default]]></Param>
  <Param name="graph" xml:space="preserve"><![CDATA[https://github.com/mitre-attack/attack-stix-data/raw/master/ics-attack/ics-attack.json]]></Param>
  <Param name="entityList" xml:space="preserve"><![CDATA[]]></Param>
  <Param name="sparqlTimeout" xml:space="preserve"><![CDATA[0]]></Param>
</Dataset>
