<CustomTask id="ef840905-3f15-44f9-ace3-50fb7b92e402_UpdateStartDate" type="sparqlUpdateOperator"><MetaData>
        <Label>Update StartDate</Label>
        <Description xml:space="preserve"><![CDATA[SPARQL Update Query to update the offset parameter for the next database ingestion.]]></Description>
        <Modified>2020-11-25T13:35:22.289Z</Modified>
        <Created>2020-11-25T13:35:22.289Z</Created>
        <CreatedByUser>http://eccenca.com/admin</CreatedByUser>
        <LastModifiedByUser>http://eccenca.com/admin</LastModifiedByUser>
      </MetaData><Param name="sparqlUpdateTemplate" xml:space="preserve"><![CDATA[PREFIX service_metadata_graph: <http://di.eccenca.com/project/services/metadata>
PREFIX jdbc_table_dataset_config: <http://dataintegration.eccenca.com/00e0ed25-e76b-42f2-a37d-22b773431210_IncrementalJDBCdatasetload/8d0e4895-1d45-442f-8fd8-b1459ec3dbde_ServicesTableJDBC> 
PREFIX func: <https://vocab.eccenca.com/di/functions/param_Jdbc_>
PREFIX prod: <http://ld.company.org/prod-vocab/>

WITH service_metadata_graph:
DELETE { jdbc_table_dataset_config: func:lastOffset ?lastOffset .}
INSERT { jdbc_table_dataset_config: func:lastOffset ?newOffset . }
WHERE {
  {
    SELECT ?lastOffset
    WHERE {
      GRAPH service_metadata_graph: {
        jdbc_table_dataset_config: func:lastOffset ?lastOffset
      }
    }
  }
  {
   SELECT (max(?id) as ?newOffset)
    WHERE{
      GRAPH <http://ld.company.org/services/> {
        ?services a prod:Service . 
        ?services prod:id ?id . 
      }
    }
  }
}]]></Param><Param name="batchSize" xml:space="preserve"><![CDATA[1]]></Param><Param name="templatingMode" xml:space="preserve"><![CDATA[simple]]></Param></CustomTask>
