<TransformSpec id="d6130417-cc66-4e64-902f-bcc869a3c94a_ComposeSQLQuerywithaStartDateandIntervalindays">
  <MetaData>
    <Label>Compose SQL Query with a StartDate and an Interval in days</Label>
    <Description xml:space="preserve"><![CDATA[Transformation to compose a SQL query based on the offset and limit data from the Services Metadata Graph]]></Description>
    <Modified>2020-11-25T14:30:41.602Z</Modified>
    <LastModifiedByUser>http://eccenca.com/admin</LastModifiedByUser>
  </MetaData>
  <SourceDataset dataSource="92ae7059-cf03-4f73-b47f-34a7463e9b63_ServicesMetadataGraph" var="a" typeUri="https://vocab.eccenca.com/di/Dataset">
    <RestrictTo> ?a &lt;https://vocab.eccenca.com/di/functions/param_Jdbc_limit&gt; ?limit . ?a &lt;https://vocab.eccenca.com/di/functions/param_Jdbc_lastOffset&gt; ?offset . </RestrictTo>
  </SourceDataset>
  <RootMappingRule id="root">
    <MappingRules>
      <TransformRule name="test">
        <MetaData>
          <Label>SQL Query</Label>
          <Description xml:space="preserve"><![CDATA[]]></Description>
        </MetaData>
        <TransformInput id="SQL_Query_Select" function="concat">
          <TransformInput id="constant1" function="constant">
            <Param name="value" xml:space="preserve"><![CDATA[SELECT * FROM ]]></Param>
          </TransformInput>
          <Input id="sourcePath1" path="&lt;https://vocab.eccenca.com/di/functions/param_Jdbc_table&gt;"/>
          <TransformInput id="constant2" function="constant">
            <Param name="value" xml:space="preserve"><![CDATA[ WHERE ]]></Param>
          </TransformInput>
          <TransformInput id="constant3" function="constant">
            <Param name="value" xml:space="preserve"><![CDATA[creationDate ]]></Param>
          </TransformInput>
          <TransformInput id="constant4" function="constant">
            <Param name="value" xml:space="preserve"><![CDATA[BETWEEN ']]></Param>
          </TransformInput>
          <Input id="sourcePath2" path="&lt;https://vocab.eccenca.com/di/functions/param_Jdbc_startDate&gt;"/>
          <TransformInput id="constant5" function="constant">
            <Param name="value" xml:space="preserve"><![CDATA[' AND DATE_ADD(']]></Param>
          </TransformInput>
          <Input id="sourcePath3" path="&lt;https://vocab.eccenca.com/di/functions/param_Jdbc_startDate&gt;"/>
          <TransformInput id="constant6" function="constant">
            <Param name="value" xml:space="preserve"><![CDATA[', INTERVAL ]]></Param>
          </TransformInput>
          <Input id="sourcePath4" path="&lt;https://vocab.eccenca.com/di/functions/param_Jdbc_intervalInDays&gt;"/>
          <TransformInput id="constant7" function="constant">
            <Param name="value" xml:space="preserve"><![CDATA[ DAY)]]></Param>
          </TransformInput>
          <Param name="glue" xml:space="preserve"><![CDATA[]]></Param>
          <Param name="missingValuesAsEmptyStrings" xml:space="preserve"><![CDATA[false]]></Param>
        </TransformInput>
        <MappingTarget uri="sourceQuery" isBackwardProperty="false" isAttribute="false">
          <ValueType nodeType="StringValueType"/>
        </MappingTarget>
      </TransformRule>
    </MappingRules>
    <MetaData>
      <Label>Compose SQL Mapping</Label>
      <Description xml:space="preserve"><![CDATA[]]></Description>
    </MetaData>
  </RootMappingRule>
  <Outputs> </Outputs>
  <TargetVocabularyCategory>all installed vocabularies</TargetVocabularyCategory>
</TransformSpec>
