[
  {
    "id": 22646219,
    "node_id": "MDEwOlJlcG9zaXRvcnkyMjY0NjIxOQ==",
    "name": "mobivoc",
    "full_name": "vocol/mobivoc",
    "private": false,
    "owner": {
      "login": "vocol",
      "id": 8235117,
      "node_id": "MDEyOk9yZ2FuaXphdGlvbjgyMzUxMTc=",
      "avatar_url": "https://avatars3.githubusercontent.com/u/8235117?v=4",
      "gravatar_id": "",
      "url": "https://api.github.com/users/vocol",
      "html_url": "https://github.com/vocol",
      "followers_url": "https://api.github.com/users/vocol/followers",
      "following_url": "https://api.github.com/users/vocol/following{/other_user}",
      "gists_url": "https://api.github.com/users/vocol/gists{/gist_id}",
      "starred_url": "https://api.github.com/users/vocol/starred{/owner}{/repo}",
      "subscriptions_url": "https://api.github.com/users/vocol/subscriptions",
      "organizations_url": "https://api.github.com/users/vocol/orgs",
      "repos_url": "https://api.github.com/users/vocol/repos",
      "events_url": "https://api.github.com/users/vocol/events{/privacy}",
      "received_events_url": "https://api.github.com/users/vocol/received_events",
      "type": "Organization",
      "site_admin": false
    },
    "html_url": "https://github.com/vocol/mobivoc",
    "description": "A vocabulary for future-oriented mobility solutions and value-added services supporting them.",
    "fork": false,
    "url": "https://api.github.com/repos/vocol/mobivoc",
    "forks_url": "https://api.github.com/repos/vocol/mobivoc/forks",
    "keys_url": "https://api.github.com/repos/vocol/mobivoc/keys{/key_id}",
    "collaborators_url": "https://api.github.com/repos/vocol/mobivoc/collaborators{/collaborator}",
    "teams_url": "https://api.github.com/repos/vocol/mobivoc/teams",
    "hooks_url": "https://api.github.com/repos/vocol/mobivoc/hooks",
    "issue_events_url": "https://api.github.com/repos/vocol/mobivoc/issues/events{/number}",
    "events_url": "https://api.github.com/repos/vocol/mobivoc/events",
    "assignees_url": "https://api.github.com/repos/vocol/mobivoc/assignees{/user}",
    "branches_url": "https://api.github.com/repos/vocol/mobivoc/branches{/branch}",
    "tags_url": "https://api.github.com/repos/vocol/mobivoc/tags",
    "blobs_url": "https://api.github.com/repos/vocol/mobivoc/git/blobs{/sha}",
    "git_tags_url": "https://api.github.com/repos/vocol/mobivoc/git/tags{/sha}",
    "git_refs_url": "https://api.github.com/repos/vocol/mobivoc/git/refs{/sha}",
    "trees_url": "https://api.github.com/repos/vocol/mobivoc/git/trees{/sha}",
    "statuses_url": "https://api.github.com/repos/vocol/mobivoc/statuses/{sha}",
    "languages_url": "https://api.github.com/repos/vocol/mobivoc/languages",
    "stargazers_url": "https://api.github.com/repos/vocol/mobivoc/stargazers",
    "contributors_url": "https://api.github.com/repos/vocol/mobivoc/contributors",
    "subscribers_url": "https://api.github.com/repos/vocol/mobivoc/subscribers",
    "subscription_url": "https://api.github.com/repos/vocol/mobivoc/subscription",
    "commits_url": "https://api.github.com/repos/vocol/mobivoc/commits{/sha}",
    "git_commits_url": "https://api.github.com/repos/vocol/mobivoc/git/commits{/sha}",
    "comments_url": "https://api.github.com/repos/vocol/mobivoc/comments{/number}",
    "issue_comment_url": "https://api.github.com/repos/vocol/mobivoc/issues/comments{/number}",
    "contents_url": "https://api.github.com/repos/vocol/mobivoc/contents/{+path}",
    "compare_url": "https://api.github.com/repos/vocol/mobivoc/compare/{base}...{head}",
    "merges_url": "https://api.github.com/repos/vocol/mobivoc/merges",
    "archive_url": "https://api.github.com/repos/vocol/mobivoc/{archive_format}{/ref}",
    "downloads_url": "https://api.github.com/repos/vocol/mobivoc/downloads",
    "issues_url": "https://api.github.com/repos/vocol/mobivoc/issues{/number}",
    "pulls_url": "https://api.github.com/repos/vocol/mobivoc/pulls{/number}",
    "milestones_url": "https://api.github.com/repos/vocol/mobivoc/milestones{/number}",
    "notifications_url": "https://api.github.com/repos/vocol/mobivoc/notifications{?since,all,participating}",
    "labels_url": "https://api.github.com/repos/vocol/mobivoc/labels{/name}",
    "releases_url": "https://api.github.com/repos/vocol/mobivoc/releases{/id}",
    "deployments_url": "https://api.github.com/repos/vocol/mobivoc/deployments",
    "created_at": "2014-08-05T14:18:24Z",
    "updated_at": "2020-03-10T23:17:40Z",
    "pushed_at": "2019-09-02T09:05:01Z",
    "git_url": "git://github.com/vocol/mobivoc.git",
    "ssh_url": "git@github.com:vocol/mobivoc.git",
    "clone_url": "https://github.com/vocol/mobivoc.git",
    "svn_url": "https://github.com/vocol/mobivoc",
    "homepage": "http://mobivoc.org",
    "size": 25332,
    "stargazers_count": 17,
    "watchers_count": 17,
    "language": null,
    "has_issues": true,
    "has_projects": false,
    "has_downloads": true,
    "has_wiki": false,
    "has_pages": false,
    "forks_count": 9,
    "mirror_url": null,
    "archived": false,
    "disabled": false,
    "open_issues_count": 8,
    "license": {
      "key": "cc-by-4.0",
      "name": "Creative Commons Attribution 4.0 International",
      "spdx_id": "CC-BY-4.0",
      "url": "https://api.github.com/licenses/cc-by-4.0",
      "node_id": "MDc6TGljZW5zZTI1"
    },
    "forks": 9,
    "open_issues": 8,
    "watchers": 17,
    "default_branch": "develop",
    "permissions": {
      "admin": false,
      "push": false,
      "pull": true
    }
  },
  {
    "id": 22646629,
    "node_id": "MDEwOlJlcG9zaXRvcnkyMjY0NjYyOQ==",
    "name": "vocol",
    "full_name": "vocol/vocol",
    "private": false,
    "owner": {
      "login": "vocol",
      "id": 8235117,
      "node_id": "MDEyOk9yZ2FuaXphdGlvbjgyMzUxMTc=",
      "avatar_url": "https://avatars3.githubusercontent.com/u/8235117?v=4",
      "gravatar_id": "",
      "url": "https://api.github.com/users/vocol",
      "html_url": "https://github.com/vocol",
      "followers_url": "https://api.github.com/users/vocol/followers",
      "following_url": "https://api.github.com/users/vocol/following{/other_user}",
      "gists_url": "https://api.github.com/users/vocol/gists{/gist_id}",
      "starred_url": "https://api.github.com/users/vocol/starred{/owner}{/repo}",
      "subscriptions_url": "https://api.github.com/users/vocol/subscriptions",
      "organizations_url": "https://api.github.com/users/vocol/orgs",
      "repos_url": "https://api.github.com/users/vocol/repos",
      "events_url": "https://api.github.com/users/vocol/events{/privacy}",
      "received_events_url": "https://api.github.com/users/vocol/received_events",
      "type": "Organization",
      "site_admin": false
    },
    "html_url": "https://github.com/vocol/vocol",
    "description": "An integrated environment to support collaborative ontology / vocabulary development in distributed settings ",
    "fork": false,
    "url": "https://api.github.com/repos/vocol/vocol",
    "forks_url": "https://api.github.com/repos/vocol/vocol/forks",
    "keys_url": "https://api.github.com/repos/vocol/vocol/keys{/key_id}",
    "collaborators_url": "https://api.github.com/repos/vocol/vocol/collaborators{/collaborator}",
    "teams_url": "https://api.github.com/repos/vocol/vocol/teams",
    "hooks_url": "https://api.github.com/repos/vocol/vocol/hooks",
    "issue_events_url": "https://api.github.com/repos/vocol/vocol/issues/events{/number}",
    "events_url": "https://api.github.com/repos/vocol/vocol/events",
    "assignees_url": "https://api.github.com/repos/vocol/vocol/assignees{/user}",
    "branches_url": "https://api.github.com/repos/vocol/vocol/branches{/branch}",
    "tags_url": "https://api.github.com/repos/vocol/vocol/tags",
    "blobs_url": "https://api.github.com/repos/vocol/vocol/git/blobs{/sha}",
    "git_tags_url": "https://api.github.com/repos/vocol/vocol/git/tags{/sha}",
    "git_refs_url": "https://api.github.com/repos/vocol/vocol/git/refs{/sha}",
    "trees_url": "https://api.github.com/repos/vocol/vocol/git/trees{/sha}",
    "statuses_url": "https://api.github.com/repos/vocol/vocol/statuses/{sha}",
    "languages_url": "https://api.github.com/repos/vocol/vocol/languages",
    "stargazers_url": "https://api.github.com/repos/vocol/vocol/stargazers",
    "contributors_url": "https://api.github.com/repos/vocol/vocol/contributors",
    "subscribers_url": "https://api.github.com/repos/vocol/vocol/subscribers",
    "subscription_url": "https://api.github.com/repos/vocol/vocol/subscription",
    "commits_url": "https://api.github.com/repos/vocol/vocol/commits{/sha}",
    "git_commits_url": "https://api.github.com/repos/vocol/vocol/git/commits{/sha}",
    "comments_url": "https://api.github.com/repos/vocol/vocol/comments{/number}",
    "issue_comment_url": "https://api.github.com/repos/vocol/vocol/issues/comments{/number}",
    "contents_url": "https://api.github.com/repos/vocol/vocol/contents/{+path}",
    "compare_url": "https://api.github.com/repos/vocol/vocol/compare/{base}...{head}",
    "merges_url": "https://api.github.com/repos/vocol/vocol/merges",
    "archive_url": "https://api.github.com/repos/vocol/vocol/{archive_format}{/ref}",
    "downloads_url": "https://api.github.com/repos/vocol/vocol/downloads",
    "issues_url": "https://api.github.com/repos/vocol/vocol/issues{/number}",
    "pulls_url": "https://api.github.com/repos/vocol/vocol/pulls{/number}",
    "milestones_url": "https://api.github.com/repos/vocol/vocol/milestones{/number}",
    "notifications_url": "https://api.github.com/repos/vocol/vocol/notifications{?since,all,participating}",
    "labels_url": "https://api.github.com/repos/vocol/vocol/labels{/name}",
    "releases_url": "https://api.github.com/repos/vocol/vocol/releases{/id}",
    "deployments_url": "https://api.github.com/repos/vocol/vocol/deployments",
    "created_at": "2014-08-05T14:28:37Z",
    "updated_at": "2020-03-03T13:24:57Z",
    "pushed_at": "2020-03-03T13:24:54Z",
    "git_url": "git://github.com/vocol/vocol.git",
    "ssh_url": "git@github.com:vocol/vocol.git",
    "clone_url": "https://github.com/vocol/vocol.git",
    "svn_url": "https://github.com/vocol/vocol",
    "homepage": "http://vocol.iais.fraunhofer.de/",
    "size": 375900,
    "stargazers_count": 76,
    "watchers_count": 76,
    "language": "JavaScript",
    "has_issues": true,
    "has_projects": true,
    "has_downloads": true,
    "has_wiki": true,
    "has_pages": true,
    "forks_count": 19,
    "mirror_url": null,
    "archived": false,
    "disabled": false,
    "open_issues_count": 9,
    "license": {
      "key": "mit",
      "name": "MIT License",
      "spdx_id": "MIT",
      "url": "https://api.github.com/licenses/mit",
      "node_id": "MDc6TGljZW5zZTEz"
    },
    "forks": 19,
    "open_issues": 9,
    "watchers": 76,
    "default_branch": "master",
    "permissions": {
      "admin": false,
      "push": false,
      "pull": true
    }
  },
  {
    "id": 30964669,
    "node_id": "MDEwOlJlcG9zaXRvcnkzMDk2NDY2OQ==",
    "name": "scor",
    "full_name": "vocol/scor",
    "private": false,
    "owner": {
      "login": "vocol",
      "id": 8235117,
      "node_id": "MDEyOk9yZ2FuaXphdGlvbjgyMzUxMTc=",
      "avatar_url": "https://avatars3.githubusercontent.com/u/8235117?v=4",
      "gravatar_id": "",
      "url": "https://api.github.com/users/vocol",
      "html_url": "https://github.com/vocol",
      "followers_url": "https://api.github.com/users/vocol/followers",
      "following_url": "https://api.github.com/users/vocol/following{/other_user}",
      "gists_url": "https://api.github.com/users/vocol/gists{/gist_id}",
      "starred_url": "https://api.github.com/users/vocol/starred{/owner}{/repo}",
      "subscriptions_url": "https://api.github.com/users/vocol/subscriptions",
      "organizations_url": "https://api.github.com/users/vocol/orgs",
      "repos_url": "https://api.github.com/users/vocol/repos",
      "events_url": "https://api.github.com/users/vocol/events{/privacy}",
      "received_events_url": "https://api.github.com/users/vocol/received_events",
      "type": "Organization",
      "site_admin": false
    },
    "html_url": "https://github.com/vocol/scor",
    "description": "A vocabulary which represents the Supply Chain Operations Reference (SCOR) standard.",
    "fork": false,
    "url": "https://api.github.com/repos/vocol/scor",
    "forks_url": "https://api.github.com/repos/vocol/scor/forks",
    "keys_url": "https://api.github.com/repos/vocol/scor/keys{/key_id}",
    "collaborators_url": "https://api.github.com/repos/vocol/scor/collaborators{/collaborator}",
    "teams_url": "https://api.github.com/repos/vocol/scor/teams",
    "hooks_url": "https://api.github.com/repos/vocol/scor/hooks",
    "issue_events_url": "https://api.github.com/repos/vocol/scor/issues/events{/number}",
    "events_url": "https://api.github.com/repos/vocol/scor/events",
    "assignees_url": "https://api.github.com/repos/vocol/scor/assignees{/user}",
    "branches_url": "https://api.github.com/repos/vocol/scor/branches{/branch}",
    "tags_url": "https://api.github.com/repos/vocol/scor/tags",
    "blobs_url": "https://api.github.com/repos/vocol/scor/git/blobs{/sha}",
    "git_tags_url": "https://api.github.com/repos/vocol/scor/git/tags{/sha}",
    "git_refs_url": "https://api.github.com/repos/vocol/scor/git/refs{/sha}",
    "trees_url": "https://api.github.com/repos/vocol/scor/git/trees{/sha}",
    "statuses_url": "https://api.github.com/repos/vocol/scor/statuses/{sha}",
    "languages_url": "https://api.github.com/repos/vocol/scor/languages",
    "stargazers_url": "https://api.github.com/repos/vocol/scor/stargazers",
    "contributors_url": "https://api.github.com/repos/vocol/scor/contributors",
    "subscribers_url": "https://api.github.com/repos/vocol/scor/subscribers",
    "subscription_url": "https://api.github.com/repos/vocol/scor/subscription",
    "commits_url": "https://api.github.com/repos/vocol/scor/commits{/sha}",
    "git_commits_url": "https://api.github.com/repos/vocol/scor/git/commits{/sha}",
    "comments_url": "https://api.github.com/repos/vocol/scor/comments{/number}",
    "issue_comment_url": "https://api.github.com/repos/vocol/scor/issues/comments{/number}",
    "contents_url": "https://api.github.com/repos/vocol/scor/contents/{+path}",
    "compare_url": "https://api.github.com/repos/vocol/scor/compare/{base}...{head}",
    "merges_url": "https://api.github.com/repos/vocol/scor/merges",
    "archive_url": "https://api.github.com/repos/vocol/scor/{archive_format}{/ref}",
    "downloads_url": "https://api.github.com/repos/vocol/scor/downloads",
    "issues_url": "https://api.github.com/repos/vocol/scor/issues{/number}",
    "pulls_url": "https://api.github.com/repos/vocol/scor/pulls{/number}",
    "milestones_url": "https://api.github.com/repos/vocol/scor/milestones{/number}",
    "notifications_url": "https://api.github.com/repos/vocol/scor/notifications{?since,all,participating}",
    "labels_url": "https://api.github.com/repos/vocol/scor/labels{/name}",
    "releases_url": "https://api.github.com/repos/vocol/scor/releases{/id}",
    "deployments_url": "https://api.github.com/repos/vocol/scor/deployments",
    "created_at": "2015-02-18T12:28:29Z",
    "updated_at": "2019-05-20T01:37:18Z",
    "pushed_at": "2018-01-12T13:52:25Z",
    "git_url": "git://github.com/vocol/scor.git",
    "ssh_url": "git@github.com:vocol/scor.git",
    "clone_url": "https://github.com/vocol/scor.git",
    "svn_url": "https://github.com/vocol/scor",
    "homepage": "http://lucid-project.org/",
    "size": 2715,
    "stargazers_count": 2,
    "watchers_count": 2,
    "language": "Java",
    "has_issues": true,
    "has_projects": true,
    "has_downloads": true,
    "has_wiki": true,
    "has_pages": false,
    "forks_count": 6,
    "mirror_url": null,
    "archived": false,
    "disabled": false,
    "open_issues_count": 10,
    "license": null,
    "forks": 6,
    "open_issues": 10,
    "watchers": 2,
    "default_branch": "master",
    "permissions": {
      "admin": false,
      "push": false,
      "pull": true
    }
  },
  {
    "id": 30964681,
    "node_id": "MDEwOlJlcG9zaXRvcnkzMDk2NDY4MQ==",
    "name": "shopfloor",
    "full_name": "vocol/shopfloor",
    "private": false,
    "owner": {
      "login": "vocol",
      "id": 8235117,
      "node_id": "MDEyOk9yZ2FuaXphdGlvbjgyMzUxMTc=",
      "avatar_url": "https://avatars3.githubusercontent.com/u/8235117?v=4",
      "gravatar_id": "",
      "url": "https://api.github.com/users/vocol",
      "html_url": "https://github.com/vocol",
      "followers_url": "https://api.github.com/users/vocol/followers",
      "following_url": "https://api.github.com/users/vocol/following{/other_user}",
      "gists_url": "https://api.github.com/users/vocol/gists{/gist_id}",
      "starred_url": "https://api.github.com/users/vocol/starred{/owner}{/repo}",
      "subscriptions_url": "https://api.github.com/users/vocol/subscriptions",
      "organizations_url": "https://api.github.com/users/vocol/orgs",
      "repos_url": "https://api.github.com/users/vocol/repos",
      "events_url": "https://api.github.com/users/vocol/events{/privacy}",
      "received_events_url": "https://api.github.com/users/vocol/received_events",
      "type": "Organization",
      "site_admin": false
    },
    "html_url": "https://github.com/vocol/shopfloor",
    "description": "A vocabulary for representing shopfloor systems.",
    "fork": false,
    "url": "https://api.github.com/repos/vocol/shopfloor",
    "forks_url": "https://api.github.com/repos/vocol/shopfloor/forks",
    "keys_url": "https://api.github.com/repos/vocol/shopfloor/keys{/key_id}",
    "collaborators_url": "https://api.github.com/repos/vocol/shopfloor/collaborators{/collaborator}",
    "teams_url": "https://api.github.com/repos/vocol/shopfloor/teams",
    "hooks_url": "https://api.github.com/repos/vocol/shopfloor/hooks",
    "issue_events_url": "https://api.github.com/repos/vocol/shopfloor/issues/events{/number}",
    "events_url": "https://api.github.com/repos/vocol/shopfloor/events",
    "assignees_url": "https://api.github.com/repos/vocol/shopfloor/assignees{/user}",
    "branches_url": "https://api.github.com/repos/vocol/shopfloor/branches{/branch}",
    "tags_url": "https://api.github.com/repos/vocol/shopfloor/tags",
    "blobs_url": "https://api.github.com/repos/vocol/shopfloor/git/blobs{/sha}",
    "git_tags_url": "https://api.github.com/repos/vocol/shopfloor/git/tags{/sha}",
    "git_refs_url": "https://api.github.com/repos/vocol/shopfloor/git/refs{/sha}",
    "trees_url": "https://api.github.com/repos/vocol/shopfloor/git/trees{/sha}",
    "statuses_url": "https://api.github.com/repos/vocol/shopfloor/statuses/{sha}",
    "languages_url": "https://api.github.com/repos/vocol/shopfloor/languages",
    "stargazers_url": "https://api.github.com/repos/vocol/shopfloor/stargazers",
    "contributors_url": "https://api.github.com/repos/vocol/shopfloor/contributors",
    "subscribers_url": "https://api.github.com/repos/vocol/shopfloor/subscribers",
    "subscription_url": "https://api.github.com/repos/vocol/shopfloor/subscription",
    "commits_url": "https://api.github.com/repos/vocol/shopfloor/commits{/sha}",
    "git_commits_url": "https://api.github.com/repos/vocol/shopfloor/git/commits{/sha}",
    "comments_url": "https://api.github.com/repos/vocol/shopfloor/comments{/number}",
    "issue_comment_url": "https://api.github.com/repos/vocol/shopfloor/issues/comments{/number}",
    "contents_url": "https://api.github.com/repos/vocol/shopfloor/contents/{+path}",
    "compare_url": "https://api.github.com/repos/vocol/shopfloor/compare/{base}...{head}",
    "merges_url": "https://api.github.com/repos/vocol/shopfloor/merges",
    "archive_url": "https://api.github.com/repos/vocol/shopfloor/{archive_format}{/ref}",
    "downloads_url": "https://api.github.com/repos/vocol/shopfloor/downloads",
    "issues_url": "https://api.github.com/repos/vocol/shopfloor/issues{/number}",
    "pulls_url": "https://api.github.com/repos/vocol/shopfloor/pulls{/number}",
    "milestones_url": "https://api.github.com/repos/vocol/shopfloor/milestones{/number}",
    "notifications_url": "https://api.github.com/repos/vocol/shopfloor/notifications{?since,all,participating}",
    "labels_url": "https://api.github.com/repos/vocol/shopfloor/labels{/name}",
    "releases_url": "https://api.github.com/repos/vocol/shopfloor/releases{/id}",
    "deployments_url": "https://api.github.com/repos/vocol/shopfloor/deployments",
    "created_at": "2015-02-18T12:29:08Z",
    "updated_at": "2015-03-31T11:53:23Z",
    "pushed_at": "2015-03-22T18:53:32Z",
    "git_url": "git://github.com/vocol/shopfloor.git",
    "ssh_url": "git@github.com:vocol/shopfloor.git",
    "clone_url": "https://github.com/vocol/shopfloor.git",
    "svn_url": "https://github.com/vocol/shopfloor",
    "homepage": "",
    "size": 156,
    "stargazers_count": 0,
    "watchers_count": 0,
    "language": null,
    "has_issues": true,
    "has_projects": true,
    "has_downloads": true,
    "has_wiki": true,
    "has_pages": false,
    "forks_count": 0,
    "mirror_url": null,
    "archived": false,
    "disabled": false,
    "open_issues_count": 0,
    "license": null,
    "forks": 0,
    "open_issues": 0,
    "watchers": 0,
    "default_branch": "master",
    "permissions": {
      "admin": false,
      "push": false,
      "pull": true
    }
  },
  {
    "id": 35144943,
    "node_id": "MDEwOlJlcG9zaXRvcnkzNTE0NDk0Mw==",
    "name": "odette",
    "full_name": "vocol/odette",
    "private": false,
    "owner": {
      "login": "vocol",
      "id": 8235117,
      "node_id": "MDEyOk9yZ2FuaXphdGlvbjgyMzUxMTc=",
      "avatar_url": "https://avatars3.githubusercontent.com/u/8235117?v=4",
      "gravatar_id": "",
      "url": "https://api.github.com/users/vocol",
      "html_url": "https://github.com/vocol",
      "followers_url": "https://api.github.com/users/vocol/followers",
      "following_url": "https://api.github.com/users/vocol/following{/other_user}",
      "gists_url": "https://api.github.com/users/vocol/gists{/gist_id}",
      "starred_url": "https://api.github.com/users/vocol/starred{/owner}{/repo}",
      "subscriptions_url": "https://api.github.com/users/vocol/subscriptions",
      "organizations_url": "https://api.github.com/users/vocol/orgs",
      "repos_url": "https://api.github.com/users/vocol/repos",
      "events_url": "https://api.github.com/users/vocol/events{/privacy}",
      "received_events_url": "https://api.github.com/users/vocol/received_events",
      "type": "Organization",
      "site_admin": false
    },
    "html_url": "https://github.com/vocol/odette",
    "description": "An RDF vocabulary of the ODETTE enterprise masterdata management schema.",
    "fork": false,
    "url": "https://api.github.com/repos/vocol/odette",
    "forks_url": "https://api.github.com/repos/vocol/odette/forks",
    "keys_url": "https://api.github.com/repos/vocol/odette/keys{/key_id}",
    "collaborators_url": "https://api.github.com/repos/vocol/odette/collaborators{/collaborator}",
    "teams_url": "https://api.github.com/repos/vocol/odette/teams",
    "hooks_url": "https://api.github.com/repos/vocol/odette/hooks",
    "issue_events_url": "https://api.github.com/repos/vocol/odette/issues/events{/number}",
    "events_url": "https://api.github.com/repos/vocol/odette/events",
    "assignees_url": "https://api.github.com/repos/vocol/odette/assignees{/user}",
    "branches_url": "https://api.github.com/repos/vocol/odette/branches{/branch}",
    "tags_url": "https://api.github.com/repos/vocol/odette/tags",
    "blobs_url": "https://api.github.com/repos/vocol/odette/git/blobs{/sha}",
    "git_tags_url": "https://api.github.com/repos/vocol/odette/git/tags{/sha}",
    "git_refs_url": "https://api.github.com/repos/vocol/odette/git/refs{/sha}",
    "trees_url": "https://api.github.com/repos/vocol/odette/git/trees{/sha}",
    "statuses_url": "https://api.github.com/repos/vocol/odette/statuses/{sha}",
    "languages_url": "https://api.github.com/repos/vocol/odette/languages",
    "stargazers_url": "https://api.github.com/repos/vocol/odette/stargazers",
    "contributors_url": "https://api.github.com/repos/vocol/odette/contributors",
    "subscribers_url": "https://api.github.com/repos/vocol/odette/subscribers",
    "subscription_url": "https://api.github.com/repos/vocol/odette/subscription",
    "commits_url": "https://api.github.com/repos/vocol/odette/commits{/sha}",
    "git_commits_url": "https://api.github.com/repos/vocol/odette/git/commits{/sha}",
    "comments_url": "https://api.github.com/repos/vocol/odette/comments{/number}",
    "issue_comment_url": "https://api.github.com/repos/vocol/odette/issues/comments{/number}",
    "contents_url": "https://api.github.com/repos/vocol/odette/contents/{+path}",
    "compare_url": "https://api.github.com/repos/vocol/odette/compare/{base}...{head}",
    "merges_url": "https://api.github.com/repos/vocol/odette/merges",
    "archive_url": "https://api.github.com/repos/vocol/odette/{archive_format}{/ref}",
    "downloads_url": "https://api.github.com/repos/vocol/odette/downloads",
    "issues_url": "https://api.github.com/repos/vocol/odette/issues{/number}",
    "pulls_url": "https://api.github.com/repos/vocol/odette/pulls{/number}",
    "milestones_url": "https://api.github.com/repos/vocol/odette/milestones{/number}",
    "notifications_url": "https://api.github.com/repos/vocol/odette/notifications{?since,all,participating}",
    "labels_url": "https://api.github.com/repos/vocol/odette/labels{/name}",
    "releases_url": "https://api.github.com/repos/vocol/odette/releases{/id}",
    "deployments_url": "https://api.github.com/repos/vocol/odette/deployments",
    "created_at": "2015-05-06T07:20:01Z",
    "updated_at": "2017-09-05T15:16:15Z",
    "pushed_at": "2015-05-29T11:39:59Z",
    "git_url": "git://github.com/vocol/odette.git",
    "ssh_url": "git@github.com:vocol/odette.git",
    "clone_url": "https://github.com/vocol/odette.git",
    "svn_url": "https://github.com/vocol/odette",
    "homepage": "",
    "size": 176,
    "stargazers_count": 0,
    "watchers_count": 0,
    "language": null,
    "has_issues": true,
    "has_projects": true,
    "has_downloads": true,
    "has_wiki": true,
    "has_pages": false,
    "forks_count": 0,
    "mirror_url": null,
    "archived": false,
    "disabled": false,
    "open_issues_count": 0,
    "license": null,
    "forks": 0,
    "open_issues": 0,
    "watchers": 0,
    "default_branch": "master",
    "permissions": {
      "admin": false,
      "push": false,
      "pull": true
    }
  },
  {
    "id": 47828303,
    "node_id": "MDEwOlJlcG9zaXRvcnk0NzgyODMwMw==",
    "name": "salesforce",
    "full_name": "vocol/salesforce",
    "private": false,
    "owner": {
      "login": "vocol",
      "id": 8235117,
      "node_id": "MDEyOk9yZ2FuaXphdGlvbjgyMzUxMTc=",
      "avatar_url": "https://avatars3.githubusercontent.com/u/8235117?v=4",
      "gravatar_id": "",
      "url": "https://api.github.com/users/vocol",
      "html_url": "https://github.com/vocol",
      "followers_url": "https://api.github.com/users/vocol/followers",
      "following_url": "https://api.github.com/users/vocol/following{/other_user}",
      "gists_url": "https://api.github.com/users/vocol/gists{/gist_id}",
      "starred_url": "https://api.github.com/users/vocol/starred{/owner}{/repo}",
      "subscriptions_url": "https://api.github.com/users/vocol/subscriptions",
      "organizations_url": "https://api.github.com/users/vocol/orgs",
      "repos_url": "https://api.github.com/users/vocol/repos",
      "events_url": "https://api.github.com/users/vocol/events{/privacy}",
      "received_events_url": "https://api.github.com/users/vocol/received_events",
      "type": "Organization",
      "site_admin": false
    },
    "html_url": "https://github.com/vocol/salesforce",
    "description": "An RDF version of the Salesforce Data Model v35.0",
    "fork": false,
    "url": "https://api.github.com/repos/vocol/salesforce",
    "forks_url": "https://api.github.com/repos/vocol/salesforce/forks",
    "keys_url": "https://api.github.com/repos/vocol/salesforce/keys{/key_id}",
    "collaborators_url": "https://api.github.com/repos/vocol/salesforce/collaborators{/collaborator}",
    "teams_url": "https://api.github.com/repos/vocol/salesforce/teams",
    "hooks_url": "https://api.github.com/repos/vocol/salesforce/hooks",
    "issue_events_url": "https://api.github.com/repos/vocol/salesforce/issues/events{/number}",
    "events_url": "https://api.github.com/repos/vocol/salesforce/events",
    "assignees_url": "https://api.github.com/repos/vocol/salesforce/assignees{/user}",
    "branches_url": "https://api.github.com/repos/vocol/salesforce/branches{/branch}",
    "tags_url": "https://api.github.com/repos/vocol/salesforce/tags",
    "blobs_url": "https://api.github.com/repos/vocol/salesforce/git/blobs{/sha}",
    "git_tags_url": "https://api.github.com/repos/vocol/salesforce/git/tags{/sha}",
    "git_refs_url": "https://api.github.com/repos/vocol/salesforce/git/refs{/sha}",
    "trees_url": "https://api.github.com/repos/vocol/salesforce/git/trees{/sha}",
    "statuses_url": "https://api.github.com/repos/vocol/salesforce/statuses/{sha}",
    "languages_url": "https://api.github.com/repos/vocol/salesforce/languages",
    "stargazers_url": "https://api.github.com/repos/vocol/salesforce/stargazers",
    "contributors_url": "https://api.github.com/repos/vocol/salesforce/contributors",
    "subscribers_url": "https://api.github.com/repos/vocol/salesforce/subscribers",
    "subscription_url": "https://api.github.com/repos/vocol/salesforce/subscription",
    "commits_url": "https://api.github.com/repos/vocol/salesforce/commits{/sha}",
    "git_commits_url": "https://api.github.com/repos/vocol/salesforce/git/commits{/sha}",
    "comments_url": "https://api.github.com/repos/vocol/salesforce/comments{/number}",
    "issue_comment_url": "https://api.github.com/repos/vocol/salesforce/issues/comments{/number}",
    "contents_url": "https://api.github.com/repos/vocol/salesforce/contents/{+path}",
    "compare_url": "https://api.github.com/repos/vocol/salesforce/compare/{base}...{head}",
    "merges_url": "https://api.github.com/repos/vocol/salesforce/merges",
    "archive_url": "https://api.github.com/repos/vocol/salesforce/{archive_format}{/ref}",
    "downloads_url": "https://api.github.com/repos/vocol/salesforce/downloads",
    "issues_url": "https://api.github.com/repos/vocol/salesforce/issues{/number}",
    "pulls_url": "https://api.github.com/repos/vocol/salesforce/pulls{/number}",
    "milestones_url": "https://api.github.com/repos/vocol/salesforce/milestones{/number}",
    "notifications_url": "https://api.github.com/repos/vocol/salesforce/notifications{?since,all,participating}",
    "labels_url": "https://api.github.com/repos/vocol/salesforce/labels{/name}",
    "releases_url": "https://api.github.com/repos/vocol/salesforce/releases{/id}",
    "deployments_url": "https://api.github.com/repos/vocol/salesforce/deployments",
    "created_at": "2015-12-11T13:29:51Z",
    "updated_at": "2018-04-29T10:50:01Z",
    "pushed_at": "2016-05-14T10:14:34Z",
    "git_url": "git://github.com/vocol/salesforce.git",
    "ssh_url": "git@github.com:vocol/salesforce.git",
    "clone_url": "https://github.com/vocol/salesforce.git",
    "svn_url": "https://github.com/vocol/salesforce",
    "homepage": "",
    "size": 36,
    "stargazers_count": 3,
    "watchers_count": 3,
    "language": null,
    "has_issues": true,
    "has_projects": true,
    "has_downloads": true,
    "has_wiki": true,
    "has_pages": false,
    "forks_count": 3,
    "mirror_url": null,
    "archived": false,
    "disabled": false,
    "open_issues_count": 3,
    "license": null,
    "forks": 3,
    "open_issues": 3,
    "watchers": 3,
    "default_branch": "master",
    "permissions": {
      "admin": false,
      "push": false,
      "pull": true
    }
  },
  {
    "id": 50355340,
    "node_id": "MDEwOlJlcG9zaXRvcnk1MDM1NTM0MA==",
    "name": "OpenResearch",
    "full_name": "vocol/OpenResearch",
    "private": false,
    "owner": {
      "login": "vocol",
      "id": 8235117,
      "node_id": "MDEyOk9yZ2FuaXphdGlvbjgyMzUxMTc=",
      "avatar_url": "https://avatars3.githubusercontent.com/u/8235117?v=4",
      "gravatar_id": "",
      "url": "https://api.github.com/users/vocol",
      "html_url": "https://github.com/vocol",
      "followers_url": "https://api.github.com/users/vocol/followers",
      "following_url": "https://api.github.com/users/vocol/following{/other_user}",
      "gists_url": "https://api.github.com/users/vocol/gists{/gist_id}",
      "starred_url": "https://api.github.com/users/vocol/starred{/owner}{/repo}",
      "subscriptions_url": "https://api.github.com/users/vocol/subscriptions",
      "organizations_url": "https://api.github.com/users/vocol/orgs",
      "repos_url": "https://api.github.com/users/vocol/repos",
      "events_url": "https://api.github.com/users/vocol/events{/privacy}",
      "received_events_url": "https://api.github.com/users/vocol/received_events",
      "type": "Organization",
      "site_admin": false
    },
    "html_url": "https://github.com/vocol/OpenResearch",
    "description": null,
    "fork": false,
    "url": "https://api.github.com/repos/vocol/OpenResearch",
    "forks_url": "https://api.github.com/repos/vocol/OpenResearch/forks",
    "keys_url": "https://api.github.com/repos/vocol/OpenResearch/keys{/key_id}",
    "collaborators_url": "https://api.github.com/repos/vocol/OpenResearch/collaborators{/collaborator}",
    "teams_url": "https://api.github.com/repos/vocol/OpenResearch/teams",
    "hooks_url": "https://api.github.com/repos/vocol/OpenResearch/hooks",
    "issue_events_url": "https://api.github.com/repos/vocol/OpenResearch/issues/events{/number}",
    "events_url": "https://api.github.com/repos/vocol/OpenResearch/events",
    "assignees_url": "https://api.github.com/repos/vocol/OpenResearch/assignees{/user}",
    "branches_url": "https://api.github.com/repos/vocol/OpenResearch/branches{/branch}",
    "tags_url": "https://api.github.com/repos/vocol/OpenResearch/tags",
    "blobs_url": "https://api.github.com/repos/vocol/OpenResearch/git/blobs{/sha}",
    "git_tags_url": "https://api.github.com/repos/vocol/OpenResearch/git/tags{/sha}",
    "git_refs_url": "https://api.github.com/repos/vocol/OpenResearch/git/refs{/sha}",
    "trees_url": "https://api.github.com/repos/vocol/OpenResearch/git/trees{/sha}",
    "statuses_url": "https://api.github.com/repos/vocol/OpenResearch/statuses/{sha}",
    "languages_url": "https://api.github.com/repos/vocol/OpenResearch/languages",
    "stargazers_url": "https://api.github.com/repos/vocol/OpenResearch/stargazers",
    "contributors_url": "https://api.github.com/repos/vocol/OpenResearch/contributors",
    "subscribers_url": "https://api.github.com/repos/vocol/OpenResearch/subscribers",
    "subscription_url": "https://api.github.com/repos/vocol/OpenResearch/subscription",
    "commits_url": "https://api.github.com/repos/vocol/OpenResearch/commits{/sha}",
    "git_commits_url": "https://api.github.com/repos/vocol/OpenResearch/git/commits{/sha}",
    "comments_url": "https://api.github.com/repos/vocol/OpenResearch/comments{/number}",
    "issue_comment_url": "https://api.github.com/repos/vocol/OpenResearch/issues/comments{/number}",
    "contents_url": "https://api.github.com/repos/vocol/OpenResearch/contents/{+path}",
    "compare_url": "https://api.github.com/repos/vocol/OpenResearch/compare/{base}...{head}",
    "merges_url": "https://api.github.com/repos/vocol/OpenResearch/merges",
    "archive_url": "https://api.github.com/repos/vocol/OpenResearch/{archive_format}{/ref}",
    "downloads_url": "https://api.github.com/repos/vocol/OpenResearch/downloads",
    "issues_url": "https://api.github.com/repos/vocol/OpenResearch/issues{/number}",
    "pulls_url": "https://api.github.com/repos/vocol/OpenResearch/pulls{/number}",
    "milestones_url": "https://api.github.com/repos/vocol/OpenResearch/milestones{/number}",
    "notifications_url": "https://api.github.com/repos/vocol/OpenResearch/notifications{?since,all,participating}",
    "labels_url": "https://api.github.com/repos/vocol/OpenResearch/labels{/name}",
    "releases_url": "https://api.github.com/repos/vocol/OpenResearch/releases{/id}",
    "deployments_url": "https://api.github.com/repos/vocol/OpenResearch/deployments",
    "created_at": "2016-01-25T14:21:28Z",
    "updated_at": "2016-01-25T14:21:28Z",
    "pushed_at": "2016-01-25T14:26:25Z",
    "git_url": "git://github.com/vocol/OpenResearch.git",
    "ssh_url": "git@github.com:vocol/OpenResearch.git",
    "clone_url": "https://github.com/vocol/OpenResearch.git",
    "svn_url": "https://github.com/vocol/OpenResearch",
    "homepage": null,
    "size": 1,
    "stargazers_count": 0,
    "watchers_count": 0,
    "language": null,
    "has_issues": true,
    "has_projects": true,
    "has_downloads": true,
    "has_wiki": true,
    "has_pages": false,
    "forks_count": 0,
    "mirror_url": null,
    "archived": false,
    "disabled": false,
    "open_issues_count": 0,
    "license": null,
    "forks": 0,
    "open_issues": 0,
    "watchers": 0,
    "default_branch": "master",
    "permissions": {
      "admin": false,
      "push": false,
      "pull": true
    }
  },
  {
    "id": 96228051,
    "node_id": "MDEwOlJlcG9zaXRvcnk5NjIyODA1MQ==",
    "name": "odf",
    "full_name": "vocol/odf",
    "private": false,
    "owner": {
      "login": "vocol",
      "id": 8235117,
      "node_id": "MDEyOk9yZ2FuaXphdGlvbjgyMzUxMTc=",
      "avatar_url": "https://avatars3.githubusercontent.com/u/8235117?v=4",
      "gravatar_id": "",
      "url": "https://api.github.com/users/vocol",
      "html_url": "https://github.com/vocol",
      "followers_url": "https://api.github.com/users/vocol/followers",
      "following_url": "https://api.github.com/users/vocol/following{/other_user}",
      "gists_url": "https://api.github.com/users/vocol/gists{/gist_id}",
      "starred_url": "https://api.github.com/users/vocol/starred{/owner}{/repo}",
      "subscriptions_url": "https://api.github.com/users/vocol/subscriptions",
      "organizations_url": "https://api.github.com/users/vocol/orgs",
      "repos_url": "https://api.github.com/users/vocol/repos",
      "events_url": "https://api.github.com/users/vocol/events{/privacy}",
      "received_events_url": "https://api.github.com/users/vocol/received_events",
      "type": "Organization",
      "site_admin": false
    },
    "html_url": "https://github.com/vocol/odf",
    "description": null,
    "fork": false,
    "url": "https://api.github.com/repos/vocol/odf",
    "forks_url": "https://api.github.com/repos/vocol/odf/forks",
    "keys_url": "https://api.github.com/repos/vocol/odf/keys{/key_id}",
    "collaborators_url": "https://api.github.com/repos/vocol/odf/collaborators{/collaborator}",
    "teams_url": "https://api.github.com/repos/vocol/odf/teams",
    "hooks_url": "https://api.github.com/repos/vocol/odf/hooks",
    "issue_events_url": "https://api.github.com/repos/vocol/odf/issues/events{/number}",
    "events_url": "https://api.github.com/repos/vocol/odf/events",
    "assignees_url": "https://api.github.com/repos/vocol/odf/assignees{/user}",
    "branches_url": "https://api.github.com/repos/vocol/odf/branches{/branch}",
    "tags_url": "https://api.github.com/repos/vocol/odf/tags",
    "blobs_url": "https://api.github.com/repos/vocol/odf/git/blobs{/sha}",
    "git_tags_url": "https://api.github.com/repos/vocol/odf/git/tags{/sha}",
    "git_refs_url": "https://api.github.com/repos/vocol/odf/git/refs{/sha}",
    "trees_url": "https://api.github.com/repos/vocol/odf/git/trees{/sha}",
    "statuses_url": "https://api.github.com/repos/vocol/odf/statuses/{sha}",
    "languages_url": "https://api.github.com/repos/vocol/odf/languages",
    "stargazers_url": "https://api.github.com/repos/vocol/odf/stargazers",
    "contributors_url": "https://api.github.com/repos/vocol/odf/contributors",
    "subscribers_url": "https://api.github.com/repos/vocol/odf/subscribers",
    "subscription_url": "https://api.github.com/repos/vocol/odf/subscription",
    "commits_url": "https://api.github.com/repos/vocol/odf/commits{/sha}",
    "git_commits_url": "https://api.github.com/repos/vocol/odf/git/commits{/sha}",
    "comments_url": "https://api.github.com/repos/vocol/odf/comments{/number}",
    "issue_comment_url": "https://api.github.com/repos/vocol/odf/issues/comments{/number}",
    "contents_url": "https://api.github.com/repos/vocol/odf/contents/{+path}",
    "compare_url": "https://api.github.com/repos/vocol/odf/compare/{base}...{head}",
    "merges_url": "https://api.github.com/repos/vocol/odf/merges",
    "archive_url": "https://api.github.com/repos/vocol/odf/{archive_format}{/ref}",
    "downloads_url": "https://api.github.com/repos/vocol/odf/downloads",
    "issues_url": "https://api.github.com/repos/vocol/odf/issues{/number}",
    "pulls_url": "https://api.github.com/repos/vocol/odf/pulls{/number}",
    "milestones_url": "https://api.github.com/repos/vocol/odf/milestones{/number}",
    "notifications_url": "https://api.github.com/repos/vocol/odf/notifications{?since,all,participating}",
    "labels_url": "https://api.github.com/repos/vocol/odf/labels{/name}",
    "releases_url": "https://api.github.com/repos/vocol/odf/releases{/id}",
    "deployments_url": "https://api.github.com/repos/vocol/odf/deployments",
    "created_at": "2017-07-04T14:45:11Z",
    "updated_at": "2017-07-04T14:45:11Z",
    "pushed_at": "2017-07-12T13:06:52Z",
    "git_url": "git://github.com/vocol/odf.git",
    "ssh_url": "git@github.com:vocol/odf.git",
    "clone_url": "https://github.com/vocol/odf.git",
    "svn_url": "https://github.com/vocol/odf",
    "homepage": null,
    "size": 0,
    "stargazers_count": 0,
    "watchers_count": 0,
    "language": null,
    "has_issues": true,
    "has_projects": true,
    "has_downloads": true,
    "has_wiki": true,
    "has_pages": false,
    "forks_count": 0,
    "mirror_url": null,
    "archived": false,
    "disabled": false,
    "open_issues_count": 0,
    "license": null,
    "forks": 0,
    "open_issues": 0,
    "watchers": 0,
    "default_branch": "master",
    "permissions": {
      "admin": false,
      "push": false,
      "pull": true
    }
  },
  {
    "id": 101996213,
    "node_id": "MDEwOlJlcG9zaXRvcnkxMDE5OTYyMTM=",
    "name": "sandbox",
    "full_name": "vocol/sandbox",
    "private": false,
    "owner": {
      "login": "vocol",
      "id": 8235117,
      "node_id": "MDEyOk9yZ2FuaXphdGlvbjgyMzUxMTc=",
      "avatar_url": "https://avatars3.githubusercontent.com/u/8235117?v=4",
      "gravatar_id": "",
      "url": "https://api.github.com/users/vocol",
      "html_url": "https://github.com/vocol",
      "followers_url": "https://api.github.com/users/vocol/followers",
      "following_url": "https://api.github.com/users/vocol/following{/other_user}",
      "gists_url": "https://api.github.com/users/vocol/gists{/gist_id}",
      "starred_url": "https://api.github.com/users/vocol/starred{/owner}{/repo}",
      "subscriptions_url": "https://api.github.com/users/vocol/subscriptions",
      "organizations_url": "https://api.github.com/users/vocol/orgs",
      "repos_url": "https://api.github.com/users/vocol/repos",
      "events_url": "https://api.github.com/users/vocol/events{/privacy}",
      "received_events_url": "https://api.github.com/users/vocol/received_events",
      "type": "Organization",
      "site_admin": false
    },
    "html_url": "https://github.com/vocol/sandbox",
    "description": null,
    "fork": false,
    "url": "https://api.github.com/repos/vocol/sandbox",
    "forks_url": "https://api.github.com/repos/vocol/sandbox/forks",
    "keys_url": "https://api.github.com/repos/vocol/sandbox/keys{/key_id}",
    "collaborators_url": "https://api.github.com/repos/vocol/sandbox/collaborators{/collaborator}",
    "teams_url": "https://api.github.com/repos/vocol/sandbox/teams",
    "hooks_url": "https://api.github.com/repos/vocol/sandbox/hooks",
    "issue_events_url": "https://api.github.com/repos/vocol/sandbox/issues/events{/number}",
    "events_url": "https://api.github.com/repos/vocol/sandbox/events",
    "assignees_url": "https://api.github.com/repos/vocol/sandbox/assignees{/user}",
    "branches_url": "https://api.github.com/repos/vocol/sandbox/branches{/branch}",
    "tags_url": "https://api.github.com/repos/vocol/sandbox/tags",
    "blobs_url": "https://api.github.com/repos/vocol/sandbox/git/blobs{/sha}",
    "git_tags_url": "https://api.github.com/repos/vocol/sandbox/git/tags{/sha}",
    "git_refs_url": "https://api.github.com/repos/vocol/sandbox/git/refs{/sha}",
    "trees_url": "https://api.github.com/repos/vocol/sandbox/git/trees{/sha}",
    "statuses_url": "https://api.github.com/repos/vocol/sandbox/statuses/{sha}",
    "languages_url": "https://api.github.com/repos/vocol/sandbox/languages",
    "stargazers_url": "https://api.github.com/repos/vocol/sandbox/stargazers",
    "contributors_url": "https://api.github.com/repos/vocol/sandbox/contributors",
    "subscribers_url": "https://api.github.com/repos/vocol/sandbox/subscribers",
    "subscription_url": "https://api.github.com/repos/vocol/sandbox/subscription",
    "commits_url": "https://api.github.com/repos/vocol/sandbox/commits{/sha}",
    "git_commits_url": "https://api.github.com/repos/vocol/sandbox/git/commits{/sha}",
    "comments_url": "https://api.github.com/repos/vocol/sandbox/comments{/number}",
    "issue_comment_url": "https://api.github.com/repos/vocol/sandbox/issues/comments{/number}",
    "contents_url": "https://api.github.com/repos/vocol/sandbox/contents/{+path}",
    "compare_url": "https://api.github.com/repos/vocol/sandbox/compare/{base}...{head}",
    "merges_url": "https://api.github.com/repos/vocol/sandbox/merges",
    "archive_url": "https://api.github.com/repos/vocol/sandbox/{archive_format}{/ref}",
    "downloads_url": "https://api.github.com/repos/vocol/sandbox/downloads",
    "issues_url": "https://api.github.com/repos/vocol/sandbox/issues{/number}",
    "pulls_url": "https://api.github.com/repos/vocol/sandbox/pulls{/number}",
    "milestones_url": "https://api.github.com/repos/vocol/sandbox/milestones{/number}",
    "notifications_url": "https://api.github.com/repos/vocol/sandbox/notifications{?since,all,participating}",
    "labels_url": "https://api.github.com/repos/vocol/sandbox/labels{/name}",
    "releases_url": "https://api.github.com/repos/vocol/sandbox/releases{/id}",
    "deployments_url": "https://api.github.com/repos/vocol/sandbox/deployments",
    "created_at": "2017-08-31T11:59:58Z",
    "updated_at": "2017-08-31T12:11:31Z",
    "pushed_at": "2017-09-06T09:12:28Z",
    "git_url": "git://github.com/vocol/sandbox.git",
    "ssh_url": "git@github.com:vocol/sandbox.git",
    "clone_url": "https://github.com/vocol/sandbox.git",
    "svn_url": "https://github.com/vocol/sandbox",
    "homepage": null,
    "size": 2,
    "stargazers_count": 0,
    "watchers_count": 0,
    "language": null,
    "has_issues": true,
    "has_projects": true,
    "has_downloads": true,
    "has_wiki": true,
    "has_pages": false,
    "forks_count": 0,
    "mirror_url": null,
    "archived": false,
    "disabled": false,
    "open_issues_count": 0,
    "license": null,
    "forks": 0,
    "open_issues": 0,
    "watchers": 0,
    "default_branch": "master",
    "permissions": {
      "admin": false,
      "push": false,
      "pull": true
    }
  },
  {
    "id": 122454348,
    "node_id": "MDEwOlJlcG9zaXRvcnkxMjI0NTQzNDg=",
    "name": "MTConnect",
    "full_name": "vocol/MTConnect",
    "private": false,
    "owner": {
      "login": "vocol",
      "id": 8235117,
      "node_id": "MDEyOk9yZ2FuaXphdGlvbjgyMzUxMTc=",
      "avatar_url": "https://avatars3.githubusercontent.com/u/8235117?v=4",
      "gravatar_id": "",
      "url": "https://api.github.com/users/vocol",
      "html_url": "https://github.com/vocol",
      "followers_url": "https://api.github.com/users/vocol/followers",
      "following_url": "https://api.github.com/users/vocol/following{/other_user}",
      "gists_url": "https://api.github.com/users/vocol/gists{/gist_id}",
      "starred_url": "https://api.github.com/users/vocol/starred{/owner}{/repo}",
      "subscriptions_url": "https://api.github.com/users/vocol/subscriptions",
      "organizations_url": "https://api.github.com/users/vocol/orgs",
      "repos_url": "https://api.github.com/users/vocol/repos",
      "events_url": "https://api.github.com/users/vocol/events{/privacy}",
      "received_events_url": "https://api.github.com/users/vocol/received_events",
      "type": "Organization",
      "site_admin": false
    },
    "html_url": "https://github.com/vocol/MTConnect",
    "description": "An ontology for the MTConnect standard.",
    "fork": false,
    "url": "https://api.github.com/repos/vocol/MTConnect",
    "forks_url": "https://api.github.com/repos/vocol/MTConnect/forks",
    "keys_url": "https://api.github.com/repos/vocol/MTConnect/keys{/key_id}",
    "collaborators_url": "https://api.github.com/repos/vocol/MTConnect/collaborators{/collaborator}",
    "teams_url": "https://api.github.com/repos/vocol/MTConnect/teams",
    "hooks_url": "https://api.github.com/repos/vocol/MTConnect/hooks",
    "issue_events_url": "https://api.github.com/repos/vocol/MTConnect/issues/events{/number}",
    "events_url": "https://api.github.com/repos/vocol/MTConnect/events",
    "assignees_url": "https://api.github.com/repos/vocol/MTConnect/assignees{/user}",
    "branches_url": "https://api.github.com/repos/vocol/MTConnect/branches{/branch}",
    "tags_url": "https://api.github.com/repos/vocol/MTConnect/tags",
    "blobs_url": "https://api.github.com/repos/vocol/MTConnect/git/blobs{/sha}",
    "git_tags_url": "https://api.github.com/repos/vocol/MTConnect/git/tags{/sha}",
    "git_refs_url": "https://api.github.com/repos/vocol/MTConnect/git/refs{/sha}",
    "trees_url": "https://api.github.com/repos/vocol/MTConnect/git/trees{/sha}",
    "statuses_url": "https://api.github.com/repos/vocol/MTConnect/statuses/{sha}",
    "languages_url": "https://api.github.com/repos/vocol/MTConnect/languages",
    "stargazers_url": "https://api.github.com/repos/vocol/MTConnect/stargazers",
    "contributors_url": "https://api.github.com/repos/vocol/MTConnect/contributors",
    "subscribers_url": "https://api.github.com/repos/vocol/MTConnect/subscribers",
    "subscription_url": "https://api.github.com/repos/vocol/MTConnect/subscription",
    "commits_url": "https://api.github.com/repos/vocol/MTConnect/commits{/sha}",
    "git_commits_url": "https://api.github.com/repos/vocol/MTConnect/git/commits{/sha}",
    "comments_url": "https://api.github.com/repos/vocol/MTConnect/comments{/number}",
    "issue_comment_url": "https://api.github.com/repos/vocol/MTConnect/issues/comments{/number}",
    "contents_url": "https://api.github.com/repos/vocol/MTConnect/contents/{+path}",
    "compare_url": "https://api.github.com/repos/vocol/MTConnect/compare/{base}...{head}",
    "merges_url": "https://api.github.com/repos/vocol/MTConnect/merges",
    "archive_url": "https://api.github.com/repos/vocol/MTConnect/{archive_format}{/ref}",
    "downloads_url": "https://api.github.com/repos/vocol/MTConnect/downloads",
    "issues_url": "https://api.github.com/repos/vocol/MTConnect/issues{/number}",
    "pulls_url": "https://api.github.com/repos/vocol/MTConnect/pulls{/number}",
    "milestones_url": "https://api.github.com/repos/vocol/MTConnect/milestones{/number}",
    "notifications_url": "https://api.github.com/repos/vocol/MTConnect/notifications{?since,all,participating}",
    "labels_url": "https://api.github.com/repos/vocol/MTConnect/labels{/name}",
    "releases_url": "https://api.github.com/repos/vocol/MTConnect/releases{/id}",
    "deployments_url": "https://api.github.com/repos/vocol/MTConnect/deployments",
    "created_at": "2018-02-22T09:04:33Z",
    "updated_at": "2019-09-16T09:23:31Z",
    "pushed_at": "2018-03-28T09:37:41Z",
    "git_url": "git://github.com/vocol/MTConnect.git",
    "ssh_url": "git@github.com:vocol/MTConnect.git",
    "clone_url": "https://github.com/vocol/MTConnect.git",
    "svn_url": "https://github.com/vocol/MTConnect",
    "homepage": "",
    "size": 144,
    "stargazers_count": 2,
    "watchers_count": 2,
    "language": "HTML",
    "has_issues": true,
    "has_projects": true,
    "has_downloads": true,
    "has_wiki": true,
    "has_pages": false,
    "forks_count": 0,
    "mirror_url": null,
    "archived": false,
    "disabled": false,
    "open_issues_count": 3,
    "license": null,
    "forks": 0,
    "open_issues": 3,
    "watchers": 2,
    "default_branch": "master",
    "permissions": {
      "admin": false,
      "push": false,
      "pull": true
    }
  },
  {
    "id": 127901275,
    "node_id": "MDEwOlJlcG9zaXRvcnkxMjc5MDEyNzU=",
    "name": "alkis",
    "full_name": "vocol/alkis",
    "private": false,
    "owner": {
      "login": "vocol",
      "id": 8235117,
      "node_id": "MDEyOk9yZ2FuaXphdGlvbjgyMzUxMTc=",
      "avatar_url": "https://avatars3.githubusercontent.com/u/8235117?v=4",
      "gravatar_id": "",
      "url": "https://api.github.com/users/vocol",
      "html_url": "https://github.com/vocol",
      "followers_url": "https://api.github.com/users/vocol/followers",
      "following_url": "https://api.github.com/users/vocol/following{/other_user}",
      "gists_url": "https://api.github.com/users/vocol/gists{/gist_id}",
      "starred_url": "https://api.github.com/users/vocol/starred{/owner}{/repo}",
      "subscriptions_url": "https://api.github.com/users/vocol/subscriptions",
      "organizations_url": "https://api.github.com/users/vocol/orgs",
      "repos_url": "https://api.github.com/users/vocol/repos",
      "events_url": "https://api.github.com/users/vocol/events{/privacy}",
      "received_events_url": "https://api.github.com/users/vocol/received_events",
      "type": "Organization",
      "site_admin": false
    },
    "html_url": "https://github.com/vocol/alkis",
    "description": null,
    "fork": false,
    "url": "https://api.github.com/repos/vocol/alkis",
    "forks_url": "https://api.github.com/repos/vocol/alkis/forks",
    "keys_url": "https://api.github.com/repos/vocol/alkis/keys{/key_id}",
    "collaborators_url": "https://api.github.com/repos/vocol/alkis/collaborators{/collaborator}",
    "teams_url": "https://api.github.com/repos/vocol/alkis/teams",
    "hooks_url": "https://api.github.com/repos/vocol/alkis/hooks",
    "issue_events_url": "https://api.github.com/repos/vocol/alkis/issues/events{/number}",
    "events_url": "https://api.github.com/repos/vocol/alkis/events",
    "assignees_url": "https://api.github.com/repos/vocol/alkis/assignees{/user}",
    "branches_url": "https://api.github.com/repos/vocol/alkis/branches{/branch}",
    "tags_url": "https://api.github.com/repos/vocol/alkis/tags",
    "blobs_url": "https://api.github.com/repos/vocol/alkis/git/blobs{/sha}",
    "git_tags_url": "https://api.github.com/repos/vocol/alkis/git/tags{/sha}",
    "git_refs_url": "https://api.github.com/repos/vocol/alkis/git/refs{/sha}",
    "trees_url": "https://api.github.com/repos/vocol/alkis/git/trees{/sha}",
    "statuses_url": "https://api.github.com/repos/vocol/alkis/statuses/{sha}",
    "languages_url": "https://api.github.com/repos/vocol/alkis/languages",
    "stargazers_url": "https://api.github.com/repos/vocol/alkis/stargazers",
    "contributors_url": "https://api.github.com/repos/vocol/alkis/contributors",
    "subscribers_url": "https://api.github.com/repos/vocol/alkis/subscribers",
    "subscription_url": "https://api.github.com/repos/vocol/alkis/subscription",
    "commits_url": "https://api.github.com/repos/vocol/alkis/commits{/sha}",
    "git_commits_url": "https://api.github.com/repos/vocol/alkis/git/commits{/sha}",
    "comments_url": "https://api.github.com/repos/vocol/alkis/comments{/number}",
    "issue_comment_url": "https://api.github.com/repos/vocol/alkis/issues/comments{/number}",
    "contents_url": "https://api.github.com/repos/vocol/alkis/contents/{+path}",
    "compare_url": "https://api.github.com/repos/vocol/alkis/compare/{base}...{head}",
    "merges_url": "https://api.github.com/repos/vocol/alkis/merges",
    "archive_url": "https://api.github.com/repos/vocol/alkis/{archive_format}{/ref}",
    "downloads_url": "https://api.github.com/repos/vocol/alkis/downloads",
    "issues_url": "https://api.github.com/repos/vocol/alkis/issues{/number}",
    "pulls_url": "https://api.github.com/repos/vocol/alkis/pulls{/number}",
    "milestones_url": "https://api.github.com/repos/vocol/alkis/milestones{/number}",
    "notifications_url": "https://api.github.com/repos/vocol/alkis/notifications{?since,all,participating}",
    "labels_url": "https://api.github.com/repos/vocol/alkis/labels{/name}",
    "releases_url": "https://api.github.com/repos/vocol/alkis/releases{/id}",
    "deployments_url": "https://api.github.com/repos/vocol/alkis/deployments",
    "created_at": "2018-04-03T12:01:20Z",
    "updated_at": "2019-02-22T17:10:23Z",
    "pushed_at": "2019-02-22T17:10:22Z",
    "git_url": "git://github.com/vocol/alkis.git",
    "ssh_url": "git@github.com:vocol/alkis.git",
    "clone_url": "https://github.com/vocol/alkis.git",
    "svn_url": "https://github.com/vocol/alkis",
    "homepage": null,
    "size": 28524,
    "stargazers_count": 0,
    "watchers_count": 0,
    "language": null,
    "has_issues": true,
    "has_projects": true,
    "has_downloads": true,
    "has_wiki": true,
    "has_pages": false,
    "forks_count": 1,
    "mirror_url": null,
    "archived": false,
    "disabled": false,
    "open_issues_count": 0,
    "license": null,
    "forks": 1,
    "open_issues": 0,
    "watchers": 0,
    "default_branch": "master",
    "permissions": {
      "admin": false,
      "push": false,
      "pull": true
    }
  },
  {
    "id": 171246444,
    "node_id": "MDEwOlJlcG9zaXRvcnkxNzEyNDY0NDQ=",
    "name": "dwd",
    "full_name": "vocol/dwd",
    "private": false,
    "owner": {
      "login": "vocol",
      "id": 8235117,
      "node_id": "MDEyOk9yZ2FuaXphdGlvbjgyMzUxMTc=",
      "avatar_url": "https://avatars3.githubusercontent.com/u/8235117?v=4",
      "gravatar_id": "",
      "url": "https://api.github.com/users/vocol",
      "html_url": "https://github.com/vocol",
      "followers_url": "https://api.github.com/users/vocol/followers",
      "following_url": "https://api.github.com/users/vocol/following{/other_user}",
      "gists_url": "https://api.github.com/users/vocol/gists{/gist_id}",
      "starred_url": "https://api.github.com/users/vocol/starred{/owner}{/repo}",
      "subscriptions_url": "https://api.github.com/users/vocol/subscriptions",
      "organizations_url": "https://api.github.com/users/vocol/orgs",
      "repos_url": "https://api.github.com/users/vocol/repos",
      "events_url": "https://api.github.com/users/vocol/events{/privacy}",
      "received_events_url": "https://api.github.com/users/vocol/received_events",
      "type": "Organization",
      "site_admin": false
    },
    "html_url": "https://github.com/vocol/dwd",
    "description": "German Weather Service Ontology (German: Deutscher Wetterdienst, DWD)",
    "fork": false,
    "url": "https://api.github.com/repos/vocol/dwd",
    "forks_url": "https://api.github.com/repos/vocol/dwd/forks",
    "keys_url": "https://api.github.com/repos/vocol/dwd/keys{/key_id}",
    "collaborators_url": "https://api.github.com/repos/vocol/dwd/collaborators{/collaborator}",
    "teams_url": "https://api.github.com/repos/vocol/dwd/teams",
    "hooks_url": "https://api.github.com/repos/vocol/dwd/hooks",
    "issue_events_url": "https://api.github.com/repos/vocol/dwd/issues/events{/number}",
    "events_url": "https://api.github.com/repos/vocol/dwd/events",
    "assignees_url": "https://api.github.com/repos/vocol/dwd/assignees{/user}",
    "branches_url": "https://api.github.com/repos/vocol/dwd/branches{/branch}",
    "tags_url": "https://api.github.com/repos/vocol/dwd/tags",
    "blobs_url": "https://api.github.com/repos/vocol/dwd/git/blobs{/sha}",
    "git_tags_url": "https://api.github.com/repos/vocol/dwd/git/tags{/sha}",
    "git_refs_url": "https://api.github.com/repos/vocol/dwd/git/refs{/sha}",
    "trees_url": "https://api.github.com/repos/vocol/dwd/git/trees{/sha}",
    "statuses_url": "https://api.github.com/repos/vocol/dwd/statuses/{sha}",
    "languages_url": "https://api.github.com/repos/vocol/dwd/languages",
    "stargazers_url": "https://api.github.com/repos/vocol/dwd/stargazers",
    "contributors_url": "https://api.github.com/repos/vocol/dwd/contributors",
    "subscribers_url": "https://api.github.com/repos/vocol/dwd/subscribers",
    "subscription_url": "https://api.github.com/repos/vocol/dwd/subscription",
    "commits_url": "https://api.github.com/repos/vocol/dwd/commits{/sha}",
    "git_commits_url": "https://api.github.com/repos/vocol/dwd/git/commits{/sha}",
    "comments_url": "https://api.github.com/repos/vocol/dwd/comments{/number}",
    "issue_comment_url": "https://api.github.com/repos/vocol/dwd/issues/comments{/number}",
    "contents_url": "https://api.github.com/repos/vocol/dwd/contents/{+path}",
    "compare_url": "https://api.github.com/repos/vocol/dwd/compare/{base}...{head}",
    "merges_url": "https://api.github.com/repos/vocol/dwd/merges",
    "archive_url": "https://api.github.com/repos/vocol/dwd/{archive_format}{/ref}",
    "downloads_url": "https://api.github.com/repos/vocol/dwd/downloads",
    "issues_url": "https://api.github.com/repos/vocol/dwd/issues{/number}",
    "pulls_url": "https://api.github.com/repos/vocol/dwd/pulls{/number}",
    "milestones_url": "https://api.github.com/repos/vocol/dwd/milestones{/number}",
    "notifications_url": "https://api.github.com/repos/vocol/dwd/notifications{?since,all,participating}",
    "labels_url": "https://api.github.com/repos/vocol/dwd/labels{/name}",
    "releases_url": "https://api.github.com/repos/vocol/dwd/releases{/id}",
    "deployments_url": "https://api.github.com/repos/vocol/dwd/deployments",
    "created_at": "2019-02-18T08:44:15Z",
    "updated_at": "2019-02-18T08:53:44Z",
    "pushed_at": "2019-02-18T08:53:42Z",
    "git_url": "git://github.com/vocol/dwd.git",
    "ssh_url": "git@github.com:vocol/dwd.git",
    "clone_url": "https://github.com/vocol/dwd.git",
    "svn_url": "https://github.com/vocol/dwd",
    "homepage": null,
    "size": 497,
    "stargazers_count": 0,
    "watchers_count": 0,
    "language": null,
    "has_issues": true,
    "has_projects": true,
    "has_downloads": true,
    "has_wiki": true,
    "has_pages": false,
    "forks_count": 0,
    "mirror_url": null,
    "archived": false,
    "disabled": false,
    "open_issues_count": 0,
    "license": null,
    "forks": 0,
    "open_issues": 0,
    "watchers": 0,
    "default_branch": "master",
    "permissions": {
      "admin": false,
      "push": false,
      "pull": true
    }
  },
  {
    "id": 174514696,
    "node_id": "MDEwOlJlcG9zaXRvcnkxNzQ1MTQ2OTY=",
    "name": "bmvi_data_run_2019",
    "full_name": "vocol/bmvi_data_run_2019",
    "private": false,
    "owner": {
      "login": "vocol",
      "id": 8235117,
      "node_id": "MDEyOk9yZ2FuaXphdGlvbjgyMzUxMTc=",
      "avatar_url": "https://avatars3.githubusercontent.com/u/8235117?v=4",
      "gravatar_id": "",
      "url": "https://api.github.com/users/vocol",
      "html_url": "https://github.com/vocol",
      "followers_url": "https://api.github.com/users/vocol/followers",
      "following_url": "https://api.github.com/users/vocol/following{/other_user}",
      "gists_url": "https://api.github.com/users/vocol/gists{/gist_id}",
      "starred_url": "https://api.github.com/users/vocol/starred{/owner}{/repo}",
      "subscriptions_url": "https://api.github.com/users/vocol/subscriptions",
      "organizations_url": "https://api.github.com/users/vocol/orgs",
      "repos_url": "https://api.github.com/users/vocol/repos",
      "events_url": "https://api.github.com/users/vocol/events{/privacy}",
      "received_events_url": "https://api.github.com/users/vocol/received_events",
      "type": "Organization",
      "site_admin": false
    },
    "html_url": "https://github.com/vocol/bmvi_data_run_2019",
    "description": "Datasets for the BMVI Data-Run 2019",
    "fork": false,
    "url": "https://api.github.com/repos/vocol/bmvi_data_run_2019",
    "forks_url": "https://api.github.com/repos/vocol/bmvi_data_run_2019/forks",
    "keys_url": "https://api.github.com/repos/vocol/bmvi_data_run_2019/keys{/key_id}",
    "collaborators_url": "https://api.github.com/repos/vocol/bmvi_data_run_2019/collaborators{/collaborator}",
    "teams_url": "https://api.github.com/repos/vocol/bmvi_data_run_2019/teams",
    "hooks_url": "https://api.github.com/repos/vocol/bmvi_data_run_2019/hooks",
    "issue_events_url": "https://api.github.com/repos/vocol/bmvi_data_run_2019/issues/events{/number}",
    "events_url": "https://api.github.com/repos/vocol/bmvi_data_run_2019/events",
    "assignees_url": "https://api.github.com/repos/vocol/bmvi_data_run_2019/assignees{/user}",
    "branches_url": "https://api.github.com/repos/vocol/bmvi_data_run_2019/branches{/branch}",
    "tags_url": "https://api.github.com/repos/vocol/bmvi_data_run_2019/tags",
    "blobs_url": "https://api.github.com/repos/vocol/bmvi_data_run_2019/git/blobs{/sha}",
    "git_tags_url": "https://api.github.com/repos/vocol/bmvi_data_run_2019/git/tags{/sha}",
    "git_refs_url": "https://api.github.com/repos/vocol/bmvi_data_run_2019/git/refs{/sha}",
    "trees_url": "https://api.github.com/repos/vocol/bmvi_data_run_2019/git/trees{/sha}",
    "statuses_url": "https://api.github.com/repos/vocol/bmvi_data_run_2019/statuses/{sha}",
    "languages_url": "https://api.github.com/repos/vocol/bmvi_data_run_2019/languages",
    "stargazers_url": "https://api.github.com/repos/vocol/bmvi_data_run_2019/stargazers",
    "contributors_url": "https://api.github.com/repos/vocol/bmvi_data_run_2019/contributors",
    "subscribers_url": "https://api.github.com/repos/vocol/bmvi_data_run_2019/subscribers",
    "subscription_url": "https://api.github.com/repos/vocol/bmvi_data_run_2019/subscription",
    "commits_url": "https://api.github.com/repos/vocol/bmvi_data_run_2019/commits{/sha}",
    "git_commits_url": "https://api.github.com/repos/vocol/bmvi_data_run_2019/git/commits{/sha}",
    "comments_url": "https://api.github.com/repos/vocol/bmvi_data_run_2019/comments{/number}",
    "issue_comment_url": "https://api.github.com/repos/vocol/bmvi_data_run_2019/issues/comments{/number}",
    "contents_url": "https://api.github.com/repos/vocol/bmvi_data_run_2019/contents/{+path}",
    "compare_url": "https://api.github.com/repos/vocol/bmvi_data_run_2019/compare/{base}...{head}",
    "merges_url": "https://api.github.com/repos/vocol/bmvi_data_run_2019/merges",
    "archive_url": "https://api.github.com/repos/vocol/bmvi_data_run_2019/{archive_format}{/ref}",
    "downloads_url": "https://api.github.com/repos/vocol/bmvi_data_run_2019/downloads",
    "issues_url": "https://api.github.com/repos/vocol/bmvi_data_run_2019/issues{/number}",
    "pulls_url": "https://api.github.com/repos/vocol/bmvi_data_run_2019/pulls{/number}",
    "milestones_url": "https://api.github.com/repos/vocol/bmvi_data_run_2019/milestones{/number}",
    "notifications_url": "https://api.github.com/repos/vocol/bmvi_data_run_2019/notifications{?since,all,participating}",
    "labels_url": "https://api.github.com/repos/vocol/bmvi_data_run_2019/labels{/name}",
    "releases_url": "https://api.github.com/repos/vocol/bmvi_data_run_2019/releases{/id}",
    "deployments_url": "https://api.github.com/repos/vocol/bmvi_data_run_2019/deployments",
    "created_at": "2019-03-08T10:12:04Z",
    "updated_at": "2019-08-07T21:04:57Z",
    "pushed_at": "2019-03-18T09:51:43Z",
    "git_url": "git://github.com/vocol/bmvi_data_run_2019.git",
    "ssh_url": "git@github.com:vocol/bmvi_data_run_2019.git",
    "clone_url": "https://github.com/vocol/bmvi_data_run_2019.git",
    "svn_url": "https://github.com/vocol/bmvi_data_run_2019",
    "homepage": "https://www.bmvi.de/SharedDocs/DE/Termine-mFUND/bmvi-data-run.html",
    "size": 2981,
    "stargazers_count": 2,
    "watchers_count": 2,
    "language": null,
    "has_issues": true,
    "has_projects": true,
    "has_downloads": true,
    "has_wiki": true,
    "has_pages": false,
    "forks_count": 0,
    "mirror_url": null,
    "archived": false,
    "disabled": false,
    "open_issues_count": 0,
    "license": null,
    "forks": 0,
    "open_issues": 0,
    "watchers": 2,
    "default_branch": "master",
    "permissions": {
      "admin": false,
      "push": false,
      "pull": true
    }
  },
  {
    "id": 187868002,
    "node_id": "MDEwOlJlcG9zaXRvcnkxODc4NjgwMDI=",
    "name": "issi",
    "full_name": "vocol/issi",
    "private": false,
    "owner": {
      "login": "vocol",
      "id": 8235117,
      "node_id": "MDEyOk9yZ2FuaXphdGlvbjgyMzUxMTc=",
      "avatar_url": "https://avatars3.githubusercontent.com/u/8235117?v=4",
      "gravatar_id": "",
      "url": "https://api.github.com/users/vocol",
      "html_url": "https://github.com/vocol",
      "followers_url": "https://api.github.com/users/vocol/followers",
      "following_url": "https://api.github.com/users/vocol/following{/other_user}",
      "gists_url": "https://api.github.com/users/vocol/gists{/gist_id}",
      "starred_url": "https://api.github.com/users/vocol/starred{/owner}{/repo}",
      "subscriptions_url": "https://api.github.com/users/vocol/subscriptions",
      "organizations_url": "https://api.github.com/users/vocol/orgs",
      "repos_url": "https://api.github.com/users/vocol/repos",
      "events_url": "https://api.github.com/users/vocol/events{/privacy}",
      "received_events_url": "https://api.github.com/users/vocol/received_events",
      "type": "Organization",
      "site_admin": false
    },
    "html_url": "https://github.com/vocol/issi",
    "description": "Intelligent Service Support for Industry 4.0",
    "fork": false,
    "url": "https://api.github.com/repos/vocol/issi",
    "forks_url": "https://api.github.com/repos/vocol/issi/forks",
    "keys_url": "https://api.github.com/repos/vocol/issi/keys{/key_id}",
    "collaborators_url": "https://api.github.com/repos/vocol/issi/collaborators{/collaborator}",
    "teams_url": "https://api.github.com/repos/vocol/issi/teams",
    "hooks_url": "https://api.github.com/repos/vocol/issi/hooks",
    "issue_events_url": "https://api.github.com/repos/vocol/issi/issues/events{/number}",
    "events_url": "https://api.github.com/repos/vocol/issi/events",
    "assignees_url": "https://api.github.com/repos/vocol/issi/assignees{/user}",
    "branches_url": "https://api.github.com/repos/vocol/issi/branches{/branch}",
    "tags_url": "https://api.github.com/repos/vocol/issi/tags",
    "blobs_url": "https://api.github.com/repos/vocol/issi/git/blobs{/sha}",
    "git_tags_url": "https://api.github.com/repos/vocol/issi/git/tags{/sha}",
    "git_refs_url": "https://api.github.com/repos/vocol/issi/git/refs{/sha}",
    "trees_url": "https://api.github.com/repos/vocol/issi/git/trees{/sha}",
    "statuses_url": "https://api.github.com/repos/vocol/issi/statuses/{sha}",
    "languages_url": "https://api.github.com/repos/vocol/issi/languages",
    "stargazers_url": "https://api.github.com/repos/vocol/issi/stargazers",
    "contributors_url": "https://api.github.com/repos/vocol/issi/contributors",
    "subscribers_url": "https://api.github.com/repos/vocol/issi/subscribers",
    "subscription_url": "https://api.github.com/repos/vocol/issi/subscription",
    "commits_url": "https://api.github.com/repos/vocol/issi/commits{/sha}",
    "git_commits_url": "https://api.github.com/repos/vocol/issi/git/commits{/sha}",
    "comments_url": "https://api.github.com/repos/vocol/issi/comments{/number}",
    "issue_comment_url": "https://api.github.com/repos/vocol/issi/issues/comments{/number}",
    "contents_url": "https://api.github.com/repos/vocol/issi/contents/{+path}",
    "compare_url": "https://api.github.com/repos/vocol/issi/compare/{base}...{head}",
    "merges_url": "https://api.github.com/repos/vocol/issi/merges",
    "archive_url": "https://api.github.com/repos/vocol/issi/{archive_format}{/ref}",
    "downloads_url": "https://api.github.com/repos/vocol/issi/downloads",
    "issues_url": "https://api.github.com/repos/vocol/issi/issues{/number}",
    "pulls_url": "https://api.github.com/repos/vocol/issi/pulls{/number}",
    "milestones_url": "https://api.github.com/repos/vocol/issi/milestones{/number}",
    "notifications_url": "https://api.github.com/repos/vocol/issi/notifications{?since,all,participating}",
    "labels_url": "https://api.github.com/repos/vocol/issi/labels{/name}",
    "releases_url": "https://api.github.com/repos/vocol/issi/releases{/id}",
    "deployments_url": "https://api.github.com/repos/vocol/issi/deployments",
    "created_at": "2019-05-21T15:43:11Z",
    "updated_at": "2019-06-13T12:47:47Z",
    "pushed_at": "2019-06-13T12:47:45Z",
    "git_url": "git://github.com/vocol/issi.git",
    "ssh_url": "git@github.com:vocol/issi.git",
    "clone_url": "https://github.com/vocol/issi.git",
    "svn_url": "https://github.com/vocol/issi",
    "homepage": null,
    "size": 30,
    "stargazers_count": 0,
    "watchers_count": 0,
    "language": null,
    "has_issues": true,
    "has_projects": true,
    "has_downloads": true,
    "has_wiki": true,
    "has_pages": false,
    "forks_count": 0,
    "mirror_url": null,
    "archived": false,
    "disabled": false,
    "open_issues_count": 0,
    "license": null,
    "forks": 0,
    "open_issues": 0,
    "watchers": 0,
    "default_branch": "master",
    "permissions": {
      "admin": false,
      "push": false,
      "pull": true
    }
  },
  {
    "id": 194407214,
    "node_id": "MDEwOlJlcG9zaXRvcnkxOTQ0MDcyMTQ=",
    "name": "datex2",
    "full_name": "vocol/datex2",
    "private": false,
    "owner": {
      "login": "vocol",
      "id": 8235117,
      "node_id": "MDEyOk9yZ2FuaXphdGlvbjgyMzUxMTc=",
      "avatar_url": "https://avatars3.githubusercontent.com/u/8235117?v=4",
      "gravatar_id": "",
      "url": "https://api.github.com/users/vocol",
      "html_url": "https://github.com/vocol",
      "followers_url": "https://api.github.com/users/vocol/followers",
      "following_url": "https://api.github.com/users/vocol/following{/other_user}",
      "gists_url": "https://api.github.com/users/vocol/gists{/gist_id}",
      "starred_url": "https://api.github.com/users/vocol/starred{/owner}{/repo}",
      "subscriptions_url": "https://api.github.com/users/vocol/subscriptions",
      "organizations_url": "https://api.github.com/users/vocol/orgs",
      "repos_url": "https://api.github.com/users/vocol/repos",
      "events_url": "https://api.github.com/users/vocol/events{/privacy}",
      "received_events_url": "https://api.github.com/users/vocol/received_events",
      "type": "Organization",
      "site_admin": false
    },
    "html_url": "https://github.com/vocol/datex2",
    "description": null,
    "fork": false,
    "url": "https://api.github.com/repos/vocol/datex2",
    "forks_url": "https://api.github.com/repos/vocol/datex2/forks",
    "keys_url": "https://api.github.com/repos/vocol/datex2/keys{/key_id}",
    "collaborators_url": "https://api.github.com/repos/vocol/datex2/collaborators{/collaborator}",
    "teams_url": "https://api.github.com/repos/vocol/datex2/teams",
    "hooks_url": "https://api.github.com/repos/vocol/datex2/hooks",
    "issue_events_url": "https://api.github.com/repos/vocol/datex2/issues/events{/number}",
    "events_url": "https://api.github.com/repos/vocol/datex2/events",
    "assignees_url": "https://api.github.com/repos/vocol/datex2/assignees{/user}",
    "branches_url": "https://api.github.com/repos/vocol/datex2/branches{/branch}",
    "tags_url": "https://api.github.com/repos/vocol/datex2/tags",
    "blobs_url": "https://api.github.com/repos/vocol/datex2/git/blobs{/sha}",
    "git_tags_url": "https://api.github.com/repos/vocol/datex2/git/tags{/sha}",
    "git_refs_url": "https://api.github.com/repos/vocol/datex2/git/refs{/sha}",
    "trees_url": "https://api.github.com/repos/vocol/datex2/git/trees{/sha}",
    "statuses_url": "https://api.github.com/repos/vocol/datex2/statuses/{sha}",
    "languages_url": "https://api.github.com/repos/vocol/datex2/languages",
    "stargazers_url": "https://api.github.com/repos/vocol/datex2/stargazers",
    "contributors_url": "https://api.github.com/repos/vocol/datex2/contributors",
    "subscribers_url": "https://api.github.com/repos/vocol/datex2/subscribers",
    "subscription_url": "https://api.github.com/repos/vocol/datex2/subscription",
    "commits_url": "https://api.github.com/repos/vocol/datex2/commits{/sha}",
    "git_commits_url": "https://api.github.com/repos/vocol/datex2/git/commits{/sha}",
    "comments_url": "https://api.github.com/repos/vocol/datex2/comments{/number}",
    "issue_comment_url": "https://api.github.com/repos/vocol/datex2/issues/comments{/number}",
    "contents_url": "https://api.github.com/repos/vocol/datex2/contents/{+path}",
    "compare_url": "https://api.github.com/repos/vocol/datex2/compare/{base}...{head}",
    "merges_url": "https://api.github.com/repos/vocol/datex2/merges",
    "archive_url": "https://api.github.com/repos/vocol/datex2/{archive_format}{/ref}",
    "downloads_url": "https://api.github.com/repos/vocol/datex2/downloads",
    "issues_url": "https://api.github.com/repos/vocol/datex2/issues{/number}",
    "pulls_url": "https://api.github.com/repos/vocol/datex2/pulls{/number}",
    "milestones_url": "https://api.github.com/repos/vocol/datex2/milestones{/number}",
    "notifications_url": "https://api.github.com/repos/vocol/datex2/notifications{?since,all,participating}",
    "labels_url": "https://api.github.com/repos/vocol/datex2/labels{/name}",
    "releases_url": "https://api.github.com/repos/vocol/datex2/releases{/id}",
    "deployments_url": "https://api.github.com/repos/vocol/datex2/deployments",
    "created_at": "2019-06-29T13:11:46Z",
    "updated_at": "2019-06-29T13:11:46Z",
    "pushed_at": "2019-06-29T13:11:46Z",
    "git_url": "git://github.com/vocol/datex2.git",
    "ssh_url": "git@github.com:vocol/datex2.git",
    "clone_url": "https://github.com/vocol/datex2.git",
    "svn_url": "https://github.com/vocol/datex2",
    "homepage": null,
    "size": 0,
    "stargazers_count": 0,
    "watchers_count": 0,
    "language": null,
    "has_issues": true,
    "has_projects": true,
    "has_downloads": true,
    "has_wiki": true,
    "has_pages": false,
    "forks_count": 0,
    "mirror_url": null,
    "archived": false,
    "disabled": false,
    "open_issues_count": 0,
    "license": null,
    "forks": 0,
    "open_issues": 0,
    "watchers": 0,
    "default_branch": "master",
    "permissions": {
      "admin": false,
      "push": false,
      "pull": true
    }
  }
]
