<Workflow id="b775750b-a4ea-4cd9-8d66-a8f1329d5ae8_IncrementalDataIngestionWorkflow">
  <MetaData>
    <Label>Incremental Data Ingestion Workflow</Label>
    <Description xml:space="preserve"><![CDATA[Incrementally ingests data from a JDBC table based on a predifined LIMIT and OFFSET. ]]></Description>
    <Modified>2020-12-04T09:30:42.113Z</Modified>
    <Created>2020-11-24T12:26:35.400Z</Created>
    <CreatedByUser>http://eccenca.com/admin</CreatedByUser>
    <LastModifiedByUser>http://eccenca.com/npetersen</LastModifiedByUser>
  </MetaData>
  <Operator posX="179" posY="90" task="4d9505e5-b5ef-47e4-b5c1-8cfe0948746d_abc" inputs="92ae7059-cf03-4f73-b47f-34a7463e9b63_ServicesMetadataGraph" outputs="8d0e4895-1d45-442f-8fd8-b1459ec3dbde_ServicesTableJDBC" errorOutputs="" id="4d9505e5-b5ef-47e4-b5c1-8cfe0948746d_abc" configInputs=""/>
  <Operator posX="568" posY="256" task="92ca7b3d-80db-49d5-bf02-d47805bbf80e_TransformServicesTable-RDF" inputs="8d0e4895-1d45-442f-8fd8-b1459ec3dbde_ServicesTableJDBC" outputs="841ebe90-6a1a-4b5e-949d-86d0e2464a30_ServicesKnowledgeGraph" errorOutputs="" id="92ca7b3d-80db-49d5-bf02-d47805bbf80e_TransformServicesTable-RDF" configInputs=""/>
  <Operator posX="939" posY="72" task="0c97235b-b7c5-46db-b38e-21500eba12c3_UpdateOffset" inputs="841ebe90-6a1a-4b5e-949d-86d0e2464a30_ServicesKnowledgeGraph" outputs="92ae7059-cf03-4f73-b47f-34a7463e9b63_ServicesMetadataGraph2" errorOutputs="" id="0c97235b-b7c5-46db-b38e-21500eba12c3_UpdateOffset" configInputs=""/>
  <Dataset posX="19" posY="67" task="92ae7059-cf03-4f73-b47f-34a7463e9b63_ServicesMetadataGraph" inputs="" outputs="4d9505e5-b5ef-47e4-b5c1-8cfe0948746d_abc" id="92ae7059-cf03-4f73-b47f-34a7463e9b63_ServicesMetadataGraph" configInputs=""/>
  <Dataset posX="390" posY="221" task="8d0e4895-1d45-442f-8fd8-b1459ec3dbde_ServicesTableJDBC" inputs="" outputs="92ca7b3d-80db-49d5-bf02-d47805bbf80e_TransformServicesTable-RDF" id="8d0e4895-1d45-442f-8fd8-b1459ec3dbde_ServicesTableJDBC" configInputs="4d9505e5-b5ef-47e4-b5c1-8cfe0948746d_abc"/>
  <Dataset posX="773" posY="46" task="841ebe90-6a1a-4b5e-949d-86d0e2464a30_ServicesKnowledgeGraph" inputs="92ca7b3d-80db-49d5-bf02-d47805bbf80e_TransformServicesTable-RDF" outputs="0c97235b-b7c5-46db-b38e-21500eba12c3_UpdateOffset" id="841ebe90-6a1a-4b5e-949d-86d0e2464a30_ServicesKnowledgeGraph" configInputs=""/>
  <Dataset posX="1224" posY="62" task="92ae7059-cf03-4f73-b47f-34a7463e9b63_ServicesMetadataGraph" inputs="0c97235b-b7c5-46db-b38e-21500eba12c3_UpdateOffset" outputs="" id="92ae7059-cf03-4f73-b47f-34a7463e9b63_ServicesMetadataGraph2" configInputs=""/>
</Workflow>
