<TransformSpec id="Create_Repository_Triples">
  <MetaData>
    <Label>Transform JSON Response</Label>
    <Description xml:space="preserve"><![CDATA[This transformation maps the JSON structures to a vocabulary.]]></Description>
    <Modified>2020-11-13T12:50:14.789Z</Modified>
  </MetaData>
  <SourceDataset dataSource="Repos_JSON" var="a" typeUri="">
    <RestrictTo> </RestrictTo>
  </SourceDataset>
  <RootMappingRule id="root">
    <MappingRules>
      <TransformRule name="name">
        <MetaData>
          <Label>name</Label>
          <Description xml:space="preserve"><![CDATA[]]></Description>
        </MetaData>
        <Input id="name" path="name"/>
        <MappingTarget uri="urn:ruleProperty:name" isBackwardProperty="false" isAttribute="false">
          <ValueType nodeType="StringValueType"/>
        </MappingTarget>
      </TransformRule>
    </MappingRules>
    <MetaData>
      <Label>Root Mapping</Label>
      <Description xml:space="preserve"><![CDATA[]]></Description>
    </MetaData>
  </RootMappingRule>
  <Outputs>
    <Output id="Repository_Knowledge_Graph"></Output>
  </Outputs>
  <TargetVocabularies> </TargetVocabularies>
</TransformSpec>
