<TransformSpec id="transformgetemailmessage_c1be31448994a7b1" abortIfErrorsOccur="false">
  <MetaData>
    <Label>transform: get email message</Label>
    <Description xml:space="preserve"><![CDATA[get email message from text dataset]]></Description>
    <Modified>2023-04-28T16:00:30.239380Z</Modified>
    <Created>2023-04-28T16:00:30.239380Z</Created>
    <CreatedByUser>http://eccenca.com/admin</CreatedByUser>
    <LastModifiedByUser>http://eccenca.com/admin</LastModifiedByUser>
    <Tags> </Tags>
  </MetaData>
  <SourceDataset dataSource="txttemplatetestouput_5173e949792b9ddf" var="a" typeUri="">
    <RestrictTo xml:space="preserve">
          
        </RestrictTo>
  </SourceDataset>
  <RootMappingRule id="root">
    <MappingTarget uri="" isBackwardProperty="false" isAttribute="false">
      <ValueType nodeType="UriValueType"/>
    </MappingTarget>
    <MappingRules>
      <TransformRule name="message">
        <MetaData>
          <Label></Label>
          <Description xml:space="preserve"><![CDATA[]]></Description>
          <Tags> </Tags>
        </MetaData>
        <Input id="message" path="text"/>
        <MappingTarget uri="message" isBackwardProperty="false" isAttribute="false">
          <ValueType nodeType="StringValueType"/>
        </MappingTarget>
        <RuleLayout>
          <NodePositions> </NodePositions>
        </RuleLayout>
        <UiAnnotations>
          <StickyNotes> </StickyNotes>
        </UiAnnotations>
      </TransformRule>
    </MappingRules>
    <MetaData>
      <Label></Label>
      <Description xml:space="preserve"><![CDATA[]]></Description>
      <Tags> </Tags>
    </MetaData>
  </RootMappingRule>
  <Outputs> </Outputs>
  <TargetVocabularyCategory>all installed vocabularies</TargetVocabularyCategory>
  <Params name="selection"></Params>
</TransformSpec>
