<Dataset id="example-feed" type="xml" uriProperty="">
  <MetaData>
    <Label>Example feed document</Label>
    <Description xml:space="preserve"><![CDATA[This is an example XML feed document.
It is used to get the schema information for the transformation step of the workflow.
The import workflow uses variable dataset "placeholder" as an input instead

Source: https://www.ecdc.europa.eu/en/taxonomy/term/2942/feed]]></Description>
    <Modified>2020-12-08T21:46:48.572Z</Modified>
  </MetaData>
  <Param name="zipFileRegex" xml:space="preserve"><![CDATA[.*\.xml$]]></Param>
  <Param name="streaming" xml:space="preserve"><![CDATA[true]]></Param>
  <Param name="basePath" xml:space="preserve"><![CDATA[]]></Param>
  <Param name="outputTemplate" xml:space="preserve"><![CDATA[<Root><?Entity?></Root>]]></Param>
  <Param name="file" xml:space="preserve"><![CDATA[example-feed.xml]]></Param>
  <Param name="uriPattern" xml:space="preserve"><![CDATA[]]></Param>
</Dataset>
