<Workflow id="ffb7c531-551a-49fd-9169-e3cc688d30af_ServicesWorkflow">
  <MetaData>
    <Label>Services Workflow</Label>
    <Description xml:space="preserve"><![CDATA[Workflow for transforming CSV data into a Knowledge Graph. ]]></Description>
    <Modified>2020-11-30T14:18:57.561Z</Modified>
    <Created>2020-11-30T14:18:38.953Z</Created>
    <CreatedByUser>http://eccenca.com/npetersen</CreatedByUser>
    <LastModifiedByUser>http://eccenca.com/npetersen</LastModifiedByUser>
  </MetaData>
  <Operator posX="510" posY="188" task="Create_Service_Triples" inputs="Services_JSON" outputs="Service_Knowlege_Graph" errorOutputs="" id="Create_Service_Triples" configInputs=""/>
  <Dataset posX="793" posY="169" task="Service_Knowlege_Graph" inputs="Create_Service_Triples" outputs="" id="Service_Knowlege_Graph" configInputs=""/>
  <Dataset posX="328" posY="176" task="Services_JSON" inputs="" outputs="Create_Service_Triples" id="Services_JSON" configInputs=""/>
</Workflow>
