<Dataset id="8d0e4895-1d45-442f-8fd8-b1459ec3dbde_ServicesTableJDBC" type="Jdbc" uriProperty="">
  <MetaData>
    <Label>Services Table (JDBC)</Label>
    <Description xml:space="preserve"><![CDATA[Services table from a MySQL database requested via Java Database Connectivity (JDBC). ]]></Description>
    <Modified>2020-11-25T12:32:07.843Z</Modified>
    <Created>2020-11-24T09:31:10.374Z</Created>
    <CreatedByUser>http://eccenca.com/admin</CreatedByUser>
    <LastModifiedByUser>http://eccenca.com/admin</LastModifiedByUser>
  </MetaData>
  <Param name="url" xml:space="preserve"><![CDATA[jdbc:mysql://mysql:3306/serviceDB]]></Param>
  <Param name="retries" xml:space="preserve"><![CDATA[0]]></Param>
  <Param name="pause" xml:space="preserve"><![CDATA[2000]]></Param>
  <Param name="writeStrategy" xml:space="preserve"><![CDATA[default]]></Param>
  <Param name="queryStrategy" xml:space="preserve"><![CDATA[query]]></Param>
  <Param name="restriction" xml:space="preserve"><![CDATA[]]></Param>
  <Param name="forceSparkExecution" xml:space="preserve"><![CDATA[false]]></Param>
  <Param name="groupBy" xml:space="preserve"><![CDATA[]]></Param>
  <Param name="charset" xml:space="preserve"><![CDATA[UTF-8]]></Param>
  <Param name="sourceQuery" xml:space="preserve"><![CDATA[SELECT * FROM services ]]></Param>
  <Param name="limit" xml:space="preserve"><![CDATA[5]]></Param>
  <Param name="user" xml:space="preserve"><![CDATA[root]]></Param>
  <Param name="table" xml:space="preserve"><![CDATA[services]]></Param>
  <Param name="password" xml:space="preserve"><![CDATA[PASSWORD_PARAMETER:mgnGFztCfFqD+/81lZ5j+A==]]></Param>
</Dataset>
