<Dataset id="92ae7059-cf03-4f73-b47f-34a7463e9b63_ServicesMetadataGraph" type="eccencaDataPlatform" uriProperty="">
  <MetaData>
    <Label>Services Metadata Graph</Label>
    <Description xml:space="preserve"><![CDATA[Graph to hold the OFFSET and LIMIT data for the dynamic SQL composition.]]></Description>
    <Modified>2020-11-24T14:55:41.445Z</Modified>
    <LastModifiedByUser>http://eccenca.com/admin</LastModifiedByUser>
  </MetaData>
  <Param name="pageSize" xml:space="preserve"><![CDATA[100000]]></Param>
  <Param name="clearGraphBeforeExecution" xml:space="preserve"><![CDATA[false]]></Param>
  <Param name="optimizedRetrieve" xml:space="preserve"><![CDATA[true]]></Param>
  <Param name="pauseTime" xml:space="preserve"><![CDATA[0]]></Param>
  <Param name="retryCount" xml:space="preserve"><![CDATA[3]]></Param>
  <Param name="strategy" xml:space="preserve"><![CDATA[parallel]]></Param>
  <Param name="retryPause" xml:space="preserve"><![CDATA[1000]]></Param>
  <Param name="endpoint" xml:space="preserve"><![CDATA[default]]></Param>
  <Param name="graph" xml:space="preserve"><![CDATA[http://di.eccenca.com/project/services/metadata]]></Param>
  <Param name="entityList" xml:space="preserve"><![CDATA[]]></Param>
  <Param name="sparqlTimeout" xml:space="preserve"><![CDATA[0]]></Param>
</Dataset>
