<TransformSpec id="Create_Service_Triples">
  <MetaData>
    <Label>Transformation Services JSON -&gt; RDF</Label>
    <Description xml:space="preserve"><![CDATA[Transformation for creating RDF triples form a JSON data.]]></Description>
    <Modified>2020-12-04T09:05:37.095Z</Modified>
    <LastModifiedByUser>http://eccenca.com/npetersen</LastModifiedByUser>
  </MetaData>
  <SourceDataset dataSource="Services_JSON" var="a" typeUri="">
    <RestrictTo> </RestrictTo>
  </SourceDataset>
  <RootMappingRule id="root">
    <MappingRules>
      <TransformRule name="uri">
        <MetaData>
          <Label>uri</Label>
          <Description xml:space="preserve"><![CDATA[]]></Description>
        </MetaData>
        <TransformInput id="buildUri" function="concat">
          <TransformInput id="constant0" function="constant">
            <Param name="value" xml:space="preserve"><![CDATA[http://ld.company.org/service/]]></Param>
          </TransformInput>
          <TransformInput id="encode1" function="urlEncode">
            <Input id="path1" path="ServiceID"/>
            <Param name="encoding" xml:space="preserve"><![CDATA[UTF-8]]></Param>
          </TransformInput>
          <Param name="glue" xml:space="preserve"><![CDATA[]]></Param>
          <Param name="missingValuesAsEmptyStrings" xml:space="preserve"><![CDATA[false]]></Param>
        </TransformInput>
      </TransformRule>
      <TransformRule name="Service3">
        <MetaData>
          <Label>Service</Label>
          <Description xml:space="preserve"><![CDATA[]]></Description>
        </MetaData>
        <TransformInput id="generateType" function="constantUri">
          <Param name="value" xml:space="preserve"><![CDATA[<http://ld.company.org/prod-vocab/Service>]]></Param>
        </TransformInput>
        <MappingTarget uri="http://www.w3.org/1999/02/22-rdf-syntax-ns#type" isBackwardProperty="false" isAttribute="false">
          <ValueType nodeType="UriValueType"/>
        </MappingTarget>
      </TransformRule>
      <TransformRule name="hasProductManager">
        <MetaData>
          <Label>service name</Label>
          <Description xml:space="preserve"><![CDATA[]]></Description>
        </MetaData>
        <Input id="hasProductManager" path="ServiceName"/>
        <MappingTarget uri="http://www.w3.org/2000/01/rdf-schema#label" isBackwardProperty="false" isAttribute="false">
          <ValueType nodeType="StringValueType"/>
        </MappingTarget>
      </TransformRule>
      <ObjectMapping name="eligibleFor" relativePath="">
        <MetaData>
          <Label>eligible for Product</Label>
          <Description xml:space="preserve"><![CDATA[]]></Description>
        </MetaData>
        <MappingRules>
          <TransformRule name="uri1">
            <MetaData>
              <Label>uri</Label>
              <Description xml:space="preserve"><![CDATA[]]></Description>
            </MetaData>
            <TransformInput id="buildUri" function="concat">
              <TransformInput id="constant0" function="constant">
                <Param name="value" xml:space="preserve"><![CDATA[http://ld.company.org/product/]]></Param>
              </TransformInput>
              <TransformInput id="encode1" function="urlEncode">
                <TransformInput id="tokenize1" function="tokenize">
                  <Input id="path1" path="Products"/>
                  <Param name="regex" xml:space="preserve"><![CDATA[,]]></Param>
                </TransformInput>
                <Param name="encoding" xml:space="preserve"><![CDATA[UTF-8]]></Param>
              </TransformInput>
              <Param name="glue" xml:space="preserve"><![CDATA[]]></Param>
              <Param name="missingValuesAsEmptyStrings" xml:space="preserve"><![CDATA[false]]></Param>
            </TransformInput>
          </TransformRule>
          <TransformRule name="Product2">
            <MetaData>
              <Label>Product</Label>
              <Description xml:space="preserve"><![CDATA[]]></Description>
            </MetaData>
            <TransformInput id="generateType" function="constantUri">
              <Param name="value" xml:space="preserve"><![CDATA[<http://ld.company.org/prod-vocab/Product>]]></Param>
            </TransformInput>
            <MappingTarget uri="http://www.w3.org/1999/02/22-rdf-syntax-ns#type" isBackwardProperty="false" isAttribute="false">
              <ValueType nodeType="UriValueType"/>
            </MappingTarget>
          </TransformRule>
        </MappingRules>
        <MappingTarget uri="http://ld.company.org/prod-vocab/eligibleFor" isBackwardProperty="false" isAttribute="false">
          <ValueType nodeType="UriValueType"/>
        </MappingTarget>
      </ObjectMapping>
    </MappingRules>
    <MetaData>
      <Label>Service</Label>
      <Description xml:space="preserve"><![CDATA[]]></Description>
    </MetaData>
  </RootMappingRule>
  <Outputs>
    <Output id="Service_Knowlege_Graph"></Output>
  </Outputs>
  <TargetVocabularies>
    <Vocabulary uri="http://ld.company.org/prod-vocab/"/>
  </TargetVocabularies>
</TransformSpec>
