<CustomTask id="CalculateVoID_f02cd4417fa7c16e" type="sparqlUpdateOperator"><MetaData>
        <Label>Calculate VoID</Label>
        <Description xml:space="preserve"><![CDATA[]]></Description>
        <Modified>2023-06-14T10:20:37.911885Z</Modified>
        <Created>2023-06-14T10:20:37.911885Z</Created>
        <CreatedByUser>http://eccenca.com/karima.rafes%40gmail.com</CreatedByUser>
        <LastModifiedByUser>http://eccenca.com/karima.rafes%40gmail.com</LastModifiedByUser>
        <Tags>
          
        </Tags>
      </MetaData>
        <Param name="sparqlUpdateTemplate" xml:space="preserve"><![CDATA[PREFIX rdfs: <http://www.w3.org/2000/01/rdf-schema#>
PREFIX dcterms: <http://purl.org/dc/terms/>
prefix void: <http://rdfs.org/ns/void#>

INSERT 
{ GRAPH $outputProperties.uri("graph") {
      $outputProperties.uri("graph") a void:Dataset;
          rdfs:label  "MITRE ATT&CK®";
          rdfs:comment  "MITRE ATT&CK® is a globally-accessible knowledge base of adversary tactics and techniques based on real-world observations.";
          void:triples ?triples ; 
          void:entities ?entities .
	}
}
USING $outputProperties.uri("graph")
WHERE
  { 
   {
    SELECT (COUNT(DISTINCT ?resource) as ?entities)
    WHERE {
      ?resource a ?class .
    }
  }
  {
    SELECT (COUNT(?s) as ?triples)
    WHERE {
          ?s ?p ?o .
    }
  }
}]]></Param><Param name="batchSize" xml:space="preserve"><![CDATA[1]]></Param><Param name="templatingMode" xml:space="preserve"><![CDATA[velocity]]></Param>
      </CustomTask>
