<CustomTask id="ConvertSTIXrelationshipstordfstatements_b91b394fb2a4ead1" type="sparqlUpdateOperator"><MetaData>
        <Label>Convert STIX relationships to rdf statements</Label>
        <Description xml:space="preserve"><![CDATA[]]></Description>
        <Modified>2023-06-14T13:19:24.325600Z</Modified>
        <Created>2023-06-14T12:49:52.395684Z</Created>
        <CreatedByUser>http://eccenca.com/karima.rafes%40gmail.com</CreatedByUser>
        <LastModifiedByUser>http://eccenca.com/karima.rafes%40gmail.com</LastModifiedByUser>
        <Tags>
          
        </Tags>
      </MetaData>
        <Param name="sparqlUpdateTemplate" xml:space="preserve"><![CDATA[PREFIX ctia: <https://github.com/mitre/cti/blob/master/USAGE.md#>

INSERT 
  { 
     GRAPH  $outputProperties.uri("graph") {
    			?sourceIRI  ?propertyIRI ?targetIRI .
       } 
  }
WHERE
  { 
     GRAPH  $inputProperties.uri("graph") {
      ?relationship
         ctia:type ctia:relationship ;
         ctia:source_ref ?source ;
         ctia:target_ref ?target ;
         ctia:relationship_type ?property .
    }
  	
  BIND (IRI(CONCAT("https://github.com/mitre-attack/attack-stix-data#",?source)) as ?sourceIRI)
  BIND (IRI(CONCAT("https://github.com/mitre/cti/blob/master/USAGE.md#",?property)) as ?propertyIRI)
  BIND (IRI(CONCAT("https://github.com/mitre-attack/attack-stix-data#",?target)) as ?targetIRI)
}]]></Param><Param name="batchSize" xml:space="preserve"><![CDATA[1]]></Param><Param name="templatingMode" xml:space="preserve"><![CDATA[velocity]]></Param>
      </CustomTask>
