<CustomTask id="Importgraph_bb02af4f23fcb342" type="sparqlUpdateOperator"><MetaData>
        <Label>Import graph</Label>
        <Description xml:space="preserve"><![CDATA[]]></Description>
        <Modified>2023-06-14T10:04:43.929944Z</Modified>
        <Created>2023-06-14T10:04:43.929944Z</Created>
        <CreatedByUser>http://eccenca.com/karima.rafes%40gmail.com</CreatedByUser>
        <LastModifiedByUser>http://eccenca.com/karima.rafes%40gmail.com</LastModifiedByUser>
        <Tags>
          
        </Tags>
      </MetaData>
        <Param name="sparqlUpdateTemplate" xml:space="preserve"><![CDATA[PREFIX owl: <http://www.w3.org/2002/07/owl#>

INSERT DATA {
  GRAPH $outputProperties.uri("graph") {
  	$outputProperties.uri("graph") 
        owl:imports $inputProperties.uri("graph") .
  }
}
]]></Param><Param name="batchSize" xml:space="preserve"><![CDATA[1]]></Param><Param name="templatingMode" xml:space="preserve"><![CDATA[velocity]]></Param>
      </CustomTask>
