<TransformSpec id="ParseProducts_e5fc1b4ba9cd7002" abortIfErrorsOccur="false">
  <MetaData>
    <Label>Transform Products</Label>
    <Description xml:space="preserve"><![CDATA[]]></Description>
    <Modified>2023-11-07T23:24:46.620608231Z</Modified>
    <Created>2023-11-07T22:13:10.790802450Z</Created>
    <CreatedByUser>http://eccenca.com/admin</CreatedByUser>
    <LastModifiedByUser>http://eccenca.com/admin</LastModifiedByUser>
    <Tags> </Tags>
  </MetaData>
  <SourceDataset dataSource="PRODUCTSJSON_cd1ee64084f876da" var="a" typeUri="">
    <RestrictTo xml:space="preserve">
          
        </RestrictTo>
  </SourceDataset>
  <RootMappingRule id="root">
    <MappingTarget uri="" isBackwardProperty="false" isAttribute="false">
      <ValueType nodeType="UriValueType"/>
    </MappingTarget>
    <MappingRules>
      <TransformRule name="uri">
        <MetaData>
          <Label></Label>
          <Description xml:space="preserve"><![CDATA[]]></Description>
          <Tags> </Tags>
        </MetaData>
        <TransformInput id="buildUri" function="concat">
          <TransformInput id="constant0" function="constant">
            <Param name="value" xml:space="preserve"><![CDATA[http://example.com/data/Product/]]></Param>
          </TransformInput>
          <TransformInput id="encode1" function="urlEncode">
            <Input id="path1" path="id"/>
            <Param name="encoding" xml:space="preserve"><![CDATA[UTF-8]]></Param>
          </TransformInput>
          <Param name="glue" xml:space="preserve"><![CDATA[]]></Param>
          <Param name="missingValuesAsEmptyStrings" xml:space="preserve"><![CDATA[false]]></Param>
        </TransformInput>
        <RuleLayout>
          <NodePositions> </NodePositions>
        </RuleLayout>
        <UiAnnotations>
          <StickyNotes> </StickyNotes>
        </UiAnnotations>
      </TransformRule>
      <TransformRule name="Product-Kafka">
        <MetaData>
          <Label></Label>
          <Description xml:space="preserve"><![CDATA[]]></Description>
          <Tags> </Tags>
        </MetaData>
        <TransformInput id="generateType" function="constantUri">
          <Param name="value" xml:space="preserve"><![CDATA[<https://example.com/vocab#Product-Kafka>]]></Param>
        </TransformInput>
        <MappingTarget uri="http://www.w3.org/1999/02/22-rdf-syntax-ns#type" isBackwardProperty="false" isAttribute="false">
          <ValueType nodeType="UriValueType"/>
        </MappingTarget>
        <RuleLayout>
          <NodePositions> </NodePositions>
        </RuleLayout>
        <UiAnnotations>
          <StickyNotes> </StickyNotes>
        </UiAnnotations>
      </TransformRule>
      <TransformRule name="MLFB_Print">
        <MetaData>
          <Label></Label>
          <Description xml:space="preserve"><![CDATA[]]></Description>
          <Tags> </Tags>
        </MetaData>
        <Input id="MLFB_Print" path="id"/>
        <MappingTarget uri="https://example.com/vocab#product-id" isBackwardProperty="false" isAttribute="false">
          <ValueType nodeType="StringValueType"/>
        </MappingTarget>
        <RuleLayout>
          <NodePositions> </NodePositions>
        </RuleLayout>
        <UiAnnotations>
          <StickyNotes> </StickyNotes>
        </UiAnnotations>
      </TransformRule>
      <TransformRule name="label">
        <MetaData>
          <Label></Label>
          <Description xml:space="preserve"><![CDATA[]]></Description>
          <Tags> </Tags>
        </MetaData>
        <TransformInput id="concat" function="concat">
          <TransformInput id="constant" function="constant">
            <Param name="value" xml:space="preserve"><![CDATA[Product]]></Param>
          </TransformInput>
          <Input id="label" path="name"/>
          <Param name="glue" xml:space="preserve"><![CDATA[ ]]></Param>
          <Param name="missingValuesAsEmptyStrings" xml:space="preserve"><![CDATA[false]]></Param>
        </TransformInput>
        <MappingTarget uri="http://www.w3.org/2000/01/rdf-schema#label" isBackwardProperty="false" isAttribute="false">
          <ValueType nodeType="StringValueType"/>
        </MappingTarget>
        <RuleLayout>
          <NodePositions>
            <NodePos id="constant" x="-250" y="-263"/>
            <NodePos id="concat" x="110" y="-197"/>
            <NodePos id="label" x="-250" y="-63"/>
          </NodePositions>
        </RuleLayout>
        <UiAnnotations>
          <StickyNotes> </StickyNotes>
        </UiAnnotations>
      </TransformRule>
      <TransformRule name="product-price">
        <MetaData>
          <Label></Label>
          <Description xml:space="preserve"><![CDATA[]]></Description>
          <Tags> </Tags>
        </MetaData>
        <TransformInput id="FloatTypeParser" function="FloatTypeParser">
          <Input id="product-price" path="price"/>
          <Param name="commaAsDecimalPoint" xml:space="preserve"><![CDATA[false]]></Param>
          <Param name="thousandSeparator" xml:space="preserve"><![CDATA[false]]></Param>
          <Param name="bracketsForNegative" xml:space="preserve"><![CDATA[false]]></Param>
        </TransformInput>
        <MappingTarget uri="https://example.com/vocab#product-price" isBackwardProperty="false" isAttribute="false">
          <ValueType nodeType="DecimalValueType"/>
        </MappingTarget>
        <RuleLayout>
          <NodePositions>
            <NodePos id="product-price" x="0" y="0"/>
            <NodePos id="FloatTypeParser" x="345" y="-45"/>
          </NodePositions>
        </RuleLayout>
        <UiAnnotations>
          <StickyNotes> </StickyNotes>
        </UiAnnotations>
      </TransformRule>
    </MappingRules>
    <MetaData>
      <Label></Label>
      <Description xml:space="preserve"><![CDATA[]]></Description>
      <Tags> </Tags>
    </MetaData>
  </RootMappingRule>
  <Outputs> </Outputs>
  <TargetVocabularyCategory>all installed vocabularies</TargetVocabularyCategory>
  <Params name="selection"></Params>
</TransformSpec>
