<Dataset id="Service_Knowlege_Graph" type="eccencaDataPlatform" uriProperty="">
  <MetaData>
    <Label>Service Knowlege Graph</Label>
    <Description xml:space="preserve"><![CDATA[Knowledge Graph which holds data about Services.]]></Description>
    <Modified>2020-11-27T15:02:39.190Z</Modified>
  </MetaData>
  <Param name="pageSize" xml:space="preserve"><![CDATA[100000]]></Param>
  <Param name="clearGraphBeforeExecution" xml:space="preserve"><![CDATA[false]]></Param>
  <Param name="optimizedRetrieve" xml:space="preserve"><![CDATA[true]]></Param>
  <Param name="pauseTime" xml:space="preserve"><![CDATA[0]]></Param>
  <Param name="retryCount" xml:space="preserve"><![CDATA[3]]></Param>
  <Param name="strategy" xml:space="preserve"><![CDATA[parallel]]></Param>
  <Param name="retryPause" xml:space="preserve"><![CDATA[1000]]></Param>
  <Param name="endpoint" xml:space="preserve"><![CDATA[default]]></Param>
  <Param name="graph" xml:space="preserve"><![CDATA[http://ld.company.org/prod-instances/]]></Param>
  <Param name="entityList" xml:space="preserve"><![CDATA[]]></Param>
  <Param name="sparqlTimeout" xml:space="preserve"><![CDATA[0]]></Param>
</Dataset>
