<TransformSpec id="92ca7b3d-80db-49d5-bf02-d47805bbf80e_TransformServicesTable-RDF">
  <MetaData>
    <Label>Transform Services Table -&gt; RDF</Label>
    <Description xml:space="preserve"><![CDATA[Transforms Services data from a MySQL database table via JDBC into RDF Triples. ]]></Description>
    <Modified>2020-11-24T14:02:20.492Z</Modified>
    <Created>2020-11-24T12:36:54.400Z</Created>
    <CreatedByUser>http://eccenca.com/admin</CreatedByUser>
    <LastModifiedByUser>http://eccenca.com/admin</LastModifiedByUser>
  </MetaData>
  <SourceDataset dataSource="8d0e4895-1d45-442f-8fd8-b1459ec3dbde_ServicesTableJDBC" var="a" typeUri="">
    <RestrictTo> </RestrictTo>
  </SourceDataset>
  <RootMappingRule id="root">
    <MappingRules>
      <TransformRule name="uri">
        <MetaData>
          <Label>uri</Label>
          <Description xml:space="preserve"><![CDATA[]]></Description>
        </MetaData>
        <TransformInput id="buildUri" function="concat">
          <TransformInput id="constant0" function="constant">
            <Param name="value" xml:space="preserve"><![CDATA[http://ld.company.org/service/]]></Param>
          </TransformInput>
          <TransformInput id="encode1" function="urlEncode">
            <Input id="path1" path="ServiceID"/>
            <Param name="encoding" xml:space="preserve"><![CDATA[UTF-8]]></Param>
          </TransformInput>
          <Param name="glue" xml:space="preserve"><![CDATA[]]></Param>
          <Param name="missingValuesAsEmptyStrings" xml:space="preserve"><![CDATA[false]]></Param>
        </TransformInput>
      </TransformRule>
      <TransformRule name="Service1">
        <MetaData>
          <Label>Service</Label>
          <Description xml:space="preserve"><![CDATA[]]></Description>
        </MetaData>
        <TransformInput id="generateType" function="constantUri">
          <Param name="value" xml:space="preserve"><![CDATA[<http://ld.company.org/prod-vocab/Service>]]></Param>
        </TransformInput>
        <MappingTarget uri="http://www.w3.org/1999/02/22-rdf-syntax-ns#type" isBackwardProperty="false" isAttribute="false">
          <ValueType nodeType="UriValueType"/>
        </MappingTarget>
      </TransformRule>
      <TransformRule name="label">
        <MetaData>
          <Label>Service Name</Label>
          <Description xml:space="preserve"><![CDATA[]]></Description>
        </MetaData>
        <Input id="label" path="ServiceName"/>
        <MappingTarget uri="http://www.w3.org/2000/01/rdf-schema#label" isBackwardProperty="false" isAttribute="false">
          <ValueType nodeType="StringValueType"/>
        </MappingTarget>
      </TransformRule>
      <TransformRule name="price_eur">
        <MetaData>
          <Label>Price</Label>
          <Description xml:space="preserve"><![CDATA[]]></Description>
        </MetaData>
        <Input id="price_eur" path="Price"/>
        <MappingTarget uri="http://ld.company.org/prod-vocab/price_eur" isBackwardProperty="false" isAttribute="false">
          <ValueType nodeType="StringValueType"/>
        </MappingTarget>
      </TransformRule>
      <TransformRule name="currency">
        <MetaData>
          <Label>Currency</Label>
          <Description xml:space="preserve"><![CDATA[]]></Description>
        </MetaData>
        <Input id="currency" path="Currency"/>
        <MappingTarget uri="http://ld.company.org/prod-vocab/currency" isBackwardProperty="false" isAttribute="false">
          <ValueType nodeType="StringValueType"/>
        </MappingTarget>
      </TransformRule>
      <TransformRule name="id">
        <MetaData>
          <Label>id</Label>
          <Description xml:space="preserve"><![CDATA[]]></Description>
        </MetaData>
        <Input id="id" path="id"/>
        <MappingTarget uri="http://ld.company.org/prod-vocab/id" isBackwardProperty="false" isAttribute="false">
          <ValueType nodeType="StringValueType"/>
        </MappingTarget>
      </TransformRule>
    </MappingRules>
    <MetaData>
      <Label>Service</Label>
      <Description xml:space="preserve"><![CDATA[]]></Description>
    </MetaData>
  </RootMappingRule>
  <Outputs>
    <Output id="841ebe90-6a1a-4b5e-949d-86d0e2464a30_ServicesKnowledgeGraph"></Output>
  </Outputs>
  <TargetVocabularyCategory>all installed vocabularies</TargetVocabularyCategory>
</TransformSpec>
