[{"message": {"key": "297", "content": {"id": 297, "name": "297", "description": "297", "price": 297.0}, "headers": {"task.generation": "0", "task.id": "0", "current.iteration": "297"}}},{"message": {"key": "298", "content": {"id": 298, "name": "298", "description": "298", "price": 298.0}, "headers": {"task.generation": "0", "task.id": "0", "current.iteration": "298"}}},{"message": {"key": "314", "content": {"id": 314, "name": "314", "description": "314", "price": 314.0}, "headers": {"task.generation": "0", "task.id": "0", "current.iteration": "314"}}},{"message": {"key": "318", "content": {"id": 318, "name": "318", "description": "318", "price": 318.0}, "headers": {"task.generation": "0", "task.id": "0", "current.iteration": "318"}}},{"message": {"key": "323", "content": {"id": 323, "name": "323", "description": "323", "price": 323.0}, "headers": {"task.generation": "0", "task.id": "0", "current.iteration": "323"}}},{"message": {"key": "332", "content": {"id": 332, "name": "332", "description": "332", "price": 332.0}, "headers": {"task.generation": "0", "task.id": "0", "current.iteration": "332"}}},{"message": {"key": "333", "content": {"id": 333, "name": "333", "description": "333", "price": 333.0}, "headers": {"task.generation": "0", "task.id": "0", "current.iteration": "333"}}},{"message": {"key": "336", "content": {"id": 336, "name": "336", "description": "336", "price": 336.0}, "headers": {"task.generation": "0", "task.id": "0", "current.iteration": "336"}}},{"message": {"key": "343", "content": {"id": 343, "name": "343", "description": "343", "price": 343.0}, "headers": {"task.generation": "0", "task.id": "0", "current.iteration": "343"}}},{"message": {"key": "359", "content": {"id": 359, "name": "359", "description": "359", "price": 359.0}, "headers": {"task.generation": "0", "task.id": "0", "current.iteration": "359"}}},{"message": {"key": "372", "content": {"id": 372, "name": "372", "description": "372", "price": 372.0}, "headers": {"task.generation": "0", "task.id": "0", "current.iteration": "372"}}},{"message": {"key": "376", "content": {"id": 376, "name": "376", "description": "376", "price": 376.0}, "headers": {"task.generation": "0", "task.id": "0", "current.iteration": "376"}}},{"message": {"key": "381", "content": {"id": 381, "name": "381", "description": "381", "price": 381.0}, "headers": {"task.generation": "0", "task.id": "0", "current.iteration": "381"}}},{"message": {"key": "386", "content": {"id": 386, "name": "386", "description": "386", "price": 386.0}, "headers": {"task.generation": "0", "task.id": "0", "current.iteration": "386"}}},{"message": {"key": "390", "content": {"id": 390, "name": "390", "description": "390", "price": 390.0}, "headers": {"task.generation": "0", "task.id": "0", "current.iteration": "390"}}},{"message": {"key": "399", "content": {"id": 399, "name": "399", "description": "399", "price": 399.0}, "headers": {"task.generation": "0", "task.id": "0", "current.iteration": "399"}}},{"message": {"key": "412", "content": {"id": 412, "name": "412", "description": "412", "price": 412.0}, "headers": {"task.generation": "0", "task.id": "0", "current.iteration": "412"}}},{"message": {"key": "415", "content": {"id": 415, "name": "415", "description": "415", "price": 415.0}, "headers": {"task.generation": "0", "task.id": "0", "current.iteration": "415"}}},{"message": {"key": "417", "content": {"id": 417, "name": "417", "description": "417", "price": 417.0}, "headers": {"task.generation": "0", "task.id": "0", "current.iteration": "417"}}},{"message": {"key": "437", "content": {"id": 437, "name": "437", "description": "437", "price": 437.0}, "headers": {"task.generation": "0", "task.id": "0", "current.iteration": "437"}}},{"message": {"key": "438", "content": {"id": 438, "name": "438", "description": "438", "price": 438.0}, "headers": {"task.generation": "0", "task.id": "0", "current.iteration": "438"}}},{"message": {"key": "439", "content": {"id": 439, "name": "439", "description": "439", "price": 439.0}, "headers": {"task.generation": "0", "task.id": "0", "current.iteration": "439"}}},{"message": {"key": "441", "content": {"id": 441, "name": "441", "description": "441", "price": 441.0}, "headers": {"task.generation": "0", "task.id": "0", "current.iteration": "441"}}},{"message": {"key": "448", "content": {"id": 448, "name": "448", "description": "448", "price": 448.0}, "headers": {"task.generation": "0", "task.id": "0", "current.iteration": "448"}}},{"message": {"key": "456", "content": {"id": 456, "name": "456", "description": "456", "price": 456.0}, "headers": {"task.generation": "0", "task.id": "0", "current.iteration": "456"}}},{"message": {"key": "459", "content": {"id": 459, "name": "459", "description": "459", "price": 459.0}, "headers": {"task.generation": "0", "task.id": "0", "current.iteration": "459"}}},{"message": {"key": "465", "content": {"id": 465, "name": "465", "description": "465", "price": 465.0}, "headers": {"task.generation": "0", "task.id": "0", "current.iteration": "465"}}},{"message": {"key": "466", "content": {"id": 466, "name": "466", "description": "466", "price": 466.0}, "headers": {"task.generation": "0", "task.id": "0", "current.iteration": "466"}}},{"message": {"key": "496", "content": {"id": 496, "name": "496", "description": "496", "price": 496.0}, "headers": {"task.generation": "0", "task.id": "0", "current.iteration": "496"}}},{"message": {"key": "503", "content": {"id": 503, "name": "503", "description": "503", "price": 503.0}, "headers": {"task.generation": "0", "task.id": "0", "current.iteration": "503"}}},{"message": {"key": "504", "content": {"id": 504, "name": "504", "description": "504", "price": 504.0}, "headers": {"task.generation": "0", "task.id": "0", "current.iteration": "504"}}},{"message": {"key": "18", "content": {"ordertime": 1497014222380, "orderid": 18, "itemid": "Item_184", "address": {"city": "Mountain View", "state": "CA", "zipcode": 94041}}}},{"message": {"key": "18", "content": {"ordertime": 1497014222380, "orderid": 18, "itemid": "Item_184", "address": {"city": "Mountain View", "state": "CA", "zipcode": 94041}}}},{"message": {"key": "303", "content": {"id": 303, "name": "303", "description": "303", "price": 303.0}, "headers": {"task.generation": "0", "task.id": "0", "current.iteration": "303"}}},{"message": {"key": "305", "content": {"id": 305, "name": "305", "description": "305", "price": 305.0}, "headers": {"task.generation": "0", "task.id": "0", "current.iteration": "305"}}},{"message": {"key": "321", "content": {"id": 321, "name": "321", "description": "321", "price": 321.0}, "headers": {"task.generation": "0", "task.id": "0", "current.iteration": "321"}}},{"message": {"key": "328", "content": {"id": 328, "name": "328", "description": "328", "price": 328.0}, "headers": {"task.generation": "0", "task.id": "0", "current.iteration": "328"}}},{"message": {"key": "345", "content": {"id": 345, "name": "345", "description": "345", "price": 345.0}, "headers": {"task.generation": "0", "task.id": "0", "current.iteration": "345"}}},{"message": {"key": "350", "content": {"id": 350, "name": "350", "description": "350", "price": 350.0}, "headers": {"task.generation": "0", "task.id": "0", "current.iteration": "350"}}},{"message": {"key": "352", "content": {"id": 352, "name": "352", "description": "352", "price": 352.0}, "headers": {"task.generation": "0", "task.id": "0", "current.iteration": "352"}}},{"message": {"key": "353", "content": {"id": 353, "name": "353", "description": "353", "price": 353.0}, "headers": {"task.generation": "0", "task.id": "0", "current.iteration": "353"}}},{"message": {"key": "357", "content": {"id": 357, "name": "357", "description": "357", "price": 357.0}, "headers": {"task.generation": "0", "task.id": "0", "current.iteration": "357"}}},{"message": {"key": "18", "content": {"ordertime": 1497014222380, "orderid": 18, "itemid": "Item_184", "address": {"city": "Mountain View", "state": "CA", "zipcode": 94041}}}},{"message": {"key": "362", "content": {"id": 362, "name": "362", "description": "362", "price": 362.0}, "headers": {"task.generation": "0", "task.id": "0", "current.iteration": "362"}}},{"message": {"key": "375", "content": {"id": 375, "name": "375", "description": "375", "price": 375.0}, "headers": {"task.generation": "0", "task.id": "0", "current.iteration": "375"}}},{"message": {"key": "357", "content": {"id": 357, "name": "357", "description": "357", "price": 357}}},{"message": {"key": "380", "content": {"id": 380, "name": "380", "description": "380", "price": 380.0}, "headers": {"task.generation": "0", "task.id": "0", "current.iteration": "380"}}},{"message": {"key": "357", "content": {"id": 357, "name": "357", "description": "357", "price": 333333}}},{"message": {"key": "383", "content": {"id": 383, "name": "383", "description": "383", "price": 383.0}, "headers": {"task.generation": "0", "task.id": "0", "current.iteration": "383"}}},{"message": {"key": "387", "content": {"id": 387, "name": "387", "description": "387", "price": 387.0}, "headers": {"task.generation": "0", "task.id": "0", "current.iteration": "387"}}},{"message": {"key": "394", "content": {"id": 394, "name": "394", "description": "394", "price": 394.0}, "headers": {"task.generation": "0", "task.id": "0", "current.iteration": "394"}}},{"message": {"key": "396", "content": {"id": 396, "name": "396", "description": "396", "price": 396.0}, "headers": {"task.generation": "0", "task.id": "0", "current.iteration": "396"}}},{"message": {"key": "397", "content": {"id": 397, "name": "397", "description": "397", "price": 397.0}, "headers": {"task.generation": "0", "task.id": "0", "current.iteration": "397"}}},{"message": {"key": "429", "content": {"id": 429, "name": "429", "description": "429", "price": 429.0}, "headers": {"task.generation": "0", "task.id": "0", "current.iteration": "429"}}},{"message": {"key": "446", "content": {"id": 446, "name": "446", "description": "446", "price": 446.0}, "headers": {"task.generation": "0", "task.id": "0", "current.iteration": "446"}}},{"message": {"key": "447", "content": {"id": 447, "name": "447", "description": "447", "price": 447.0}, "headers": {"task.generation": "0", "task.id": "0", "current.iteration": "447"}}},{"message": {"key": "455", "content": {"id": 455, "name": "455", "description": "455", "price": 455.0}, "headers": {"task.generation": "0", "task.id": "0", "current.iteration": "455"}}},{"message": {"key": "458", "content": {"id": 458, "name": "458", "description": "458", "price": 458.0}, "headers": {"task.generation": "0", "task.id": "0", "current.iteration": "458"}}},{"message": {"key": "462", "content": {"id": 462, "name": "462", "description": "462", "price": 462.0}, "headers": {"task.generation": "0", "task.id": "0", "current.iteration": "462"}}},{"message": {"key": "467", "content": {"id": 467, "name": "467", "description": "467", "price": 467.0}, "headers": {"task.generation": "0", "task.id": "0", "current.iteration": "467"}}},{"message": {"key": "479", "content": {"id": 479, "name": "479", "description": "479", "price": 479.0}, "headers": {"task.generation": "0", "task.id": "0", "current.iteration": "479"}}},{"message": {"key": "482", "content": {"id": 482, "name": "482", "description": "482", "price": 482.0}, "headers": {"task.generation": "0", "task.id": "0", "current.iteration": "482"}}},{"message": {"key": "490", "content": {"id": 490, "name": "490", "description": "490", "price": 490.0}, "headers": {"task.generation": "0", "task.id": "0", "current.iteration": "490"}}},{"message": {"key": "302", "content": {"id": 302, "name": "302", "description": "302", "price": 302.0}, "headers": {"task.generation": "0", "task.id": "0", "current.iteration": "302"}}},{"message": {"key": "310", "content": {"id": 310, "name": "310", "description": "310", "price": 310.0}, "headers": {"task.generation": "0", "task.id": "0", "current.iteration": "310"}}},{"message": {"key": "312", "content": {"id": 312, "name": "312", "description": "312", "price": 312.0}, "headers": {"task.generation": "0", "task.id": "0", "current.iteration": "312"}}},{"message": {"key": "315", "content": {"id": 315, "name": "315", "description": "315", "price": 315.0}, "headers": {"task.generation": "0", "task.id": "0", "current.iteration": "315"}}},{"message": {"key": "324", "content": {"id": 324, "name": "324", "description": "324", "price": 324.0}, "headers": {"task.generation": "0", "task.id": "0", "current.iteration": "324"}}},{"message": {"key": "327", "content": {"id": 327, "name": "327", "description": "327", "price": 327.0}, "headers": {"task.generation": "0", "task.id": "0", "current.iteration": "327"}}},{"message": {"key": "330", "content": {"id": 330, "name": "330", "description": "330", "price": 330.0}, "headers": {"task.generation": "0", "task.id": "0", "current.iteration": "330"}}},{"message": {"key": "341", "content": {"id": 341, "name": "341", "description": "341", "price": 341.0}, "headers": {"task.generation": "0", "task.id": "0", "current.iteration": "341"}}},{"message": {"key": "351", "content": {"id": 351, "name": "351", "description": "351", "price": 351.0}, "headers": {"task.generation": "0", "task.id": "0", "current.iteration": "351"}}},{"message": {"key": "354", "content": {"id": 354, "name": "354", "description": "354", "price": 354.0}, "headers": {"task.generation": "0", "task.id": "0", "current.iteration": "354"}}},{"message": {"key": "358", "content": {"id": 358, "name": "358", "description": "358", "price": 358.0}, "headers": {"task.generation": "0", "task.id": "0", "current.iteration": "358"}}},{"message": {"key": "377", "content": {"id": 377, "name": "377", "description": "377", "price": 377.0}, "headers": {"task.generation": "0", "task.id": "0", "current.iteration": "377"}}},{"message": {"key": "378", "content": {"id": 378, "name": "378", "description": "378", "price": 378.0}, "headers": {"task.generation": "0", "task.id": "0", "current.iteration": "378"}}},{"message": {"key": "379", "content": {"id": 379, "name": "379", "description": "379", "price": 379.0}, "headers": {"task.generation": "0", "task.id": "0", "current.iteration": "379"}}},{"message": {"key": "384", "content": {"id": 384, "name": "384", "description": "384", "price": 384.0}, "headers": {"task.generation": "0", "task.id": "0", "current.iteration": "384"}}},{"message": {"key": "392", "content": {"id": 392, "name": "392", "description": "392", "price": 392.0}, "headers": {"task.generation": "0", "task.id": "0", "current.iteration": "392"}}},{"message": {"key": "403", "content": {"id": 403, "name": "403", "description": "403", "price": 403.0}, "headers": {"task.generation": "0", "task.id": "0", "current.iteration": "403"}}},{"message": {"key": "422", "content": {"id": 422, "name": "422", "description": "422", "price": 422.0}, "headers": {"task.generation": "0", "task.id": "0", "current.iteration": "422"}}},{"message": {"key": "425", "content": {"id": 425, "name": "425", "description": "425", "price": 425.0}, "headers": {"task.generation": "0", "task.id": "0", "current.iteration": "425"}}},{"message": {"key": "426", "content": {"id": 426, "name": "426", "description": "426", "price": 426.0}, "headers": {"task.generation": "0", "task.id": "0", "current.iteration": "426"}}},{"message": {"key": "430", "content": {"id": 430, "name": "430", "description": "430", "price": 430.0}, "headers": {"task.generation": "0", "task.id": "0", "current.iteration": "430"}}},{"message": {"key": "431", "content": {"id": 431, "name": "431", "description": "431", "price": 431.0}, "headers": {"task.generation": "0", "task.id": "0", "current.iteration": "431"}}},{"message": {"key": "436", "content": {"id": 436, "name": "436", "description": "436", "price": 436.0}, "headers": {"task.generation": "0", "task.id": "0", "current.iteration": "436"}}},{"message": {"key": "440", "content": {"id": 440, "name": "440", "description": "440", "price": 440.0}, "headers": {"task.generation": "0", "task.id": "0", "current.iteration": "440"}}},{"message": {"key": "443", "content": {"id": 443, "name": "443", "description": "443", "price": 443.0}, "headers": {"task.generation": "0", "task.id": "0", "current.iteration": "443"}}},{"message": {"key": "443", "content": {"id": 443, "name": "443", "description": "357", "price": 333333}}},{"message": {"key": "443", "content": {"id": 443, "name": "443", "description": "357", "price": 333333}}},{"message": {"key": "473", "content": {"id": 473, "name": "473", "description": "473", "price": 473.0}, "headers": {"task.generation": "0", "task.id": "0", "current.iteration": "473"}}},{"message": {"key": "475", "content": {"id": 475, "name": "475", "description": "475", "price": 475.0}, "headers": {"task.generation": "0", "task.id": "0", "current.iteration": "475"}}},{"message": {"key": "478", "content": {"id": 478, "name": "478", "description": "478", "price": 478.0}, "headers": {"task.generation": "0", "task.id": "0", "current.iteration": "478"}}},{"message": {"key": "480", "content": {"id": 480, "name": "480", "description": "480", "price": 480.0}, "headers": {"task.generation": "0", "task.id": "0", "current.iteration": "480"}}},{"message": {"key": "484", "content": {"id": 484, "name": "484", "description": "484", "price": 484.0}, "headers": {"task.generation": "0", "task.id": "0", "current.iteration": "484"}}},{"message": {"key": "486", "content": {"id": 486, "name": "486", "description": "486", "price": 486.0}, "headers": {"task.generation": "0", "task.id": "0", "current.iteration": "486"}}},{"message": {"key": "487", "content": {"id": 487, "name": "487", "description": "487", "price": 487.0}, "headers": {"task.generation": "0", "task.id": "0", "current.iteration": "487"}}},{"message": {"key": "488", "content": {"id": 488, "name": "488", "description": "488", "price": 488.0}, "headers": {"task.generation": "0", "task.id": "0", "current.iteration": "488"}}},{"message": {"key": "498", "content": {"id": 498, "name": "498", "description": "498", "price": 498.0}, "headers": {"task.generation": "0", "task.id": "0", "current.iteration": "498"}}},{"message": {"key": "506", "content": {"id": 506, "name": "506", "description": "506", "price": 506.0}, "headers": {"task.generation": "0", "task.id": "0", "current.iteration": "506"}}},{"message": {"key": "443", "content": {"id": 443, "name": "443", "description": "357", "price": 333333}}},{"message": {"key": "306", "content": {"id": 306, "name": "306", "description": "306", "price": 306.0}, "headers": {"task.generation": "0", "task.id": "0", "current.iteration": "306"}}},{"message": {"key": "309", "content": {"id": 309, "name": "309", "description": "309", "price": 309.0}, "headers": {"task.generation": "0", "task.id": "0", "current.iteration": "309"}}},{"message": {"key": "322", "content": {"id": 322, "name": "322", "description": "322", "price": 322.0}, "headers": {"task.generation": "0", "task.id": "0", "current.iteration": "322"}}},{"message": {"key": "325", "content": {"id": 325, "name": "325", "description": "325", "price": 325.0}, "headers": {"task.generation": "0", "task.id": "0", "current.iteration": "325"}}},{"message": {"key": "331", "content": {"id": 331, "name": "331", "description": "331", "price": 331.0}, "headers": {"task.generation": "0", "task.id": "0", "current.iteration": "331"}}},{"message": {"key": "334", "content": {"id": 334, "name": "334", "description": "334", "price": 334.0}, "headers": {"task.generation": "0", "task.id": "0", "current.iteration": "334"}}},{"message": {"key": "346", "content": {"id": 346, "name": "346", "description": "346", "price": 346.0}, "headers": {"task.generation": "0", "task.id": "0", "current.iteration": "346"}}},{"message": {"key": "349", "content": {"id": 349, "name": "349", "description": "349", "price": 349.0}, "headers": {"task.generation": "0", "task.id": "0", "current.iteration": "349"}}},{"message": {"key": "363", "content": {"id": 363, "name": "363", "description": "363", "price": 363.0}, "headers": {"task.generation": "0", "task.id": "0", "current.iteration": "363"}}},{"message": {"key": "365", "content": {"id": 365, "name": "365", "description": "365", "price": 365.0}, "headers": {"task.generation": "0", "task.id": "0", "current.iteration": "365"}}},{"message": {"key": "368", "content": {"id": 368, "name": "368", "description": "368", "price": 368.0}, "headers": {"task.generation": "0", "task.id": "0", "current.iteration": "368"}}},{"message": {"key": "370", "content": {"id": 370, "name": "370", "description": "370", "price": 370.0}, "headers": {"task.generation": "0", "task.id": "0", "current.iteration": "370"}}},{"message": {"key": "374", "content": {"id": 374, "name": "374", "description": "374", "price": 374.0}, "headers": {"task.generation": "0", "task.id": "0", "current.iteration": "374"}}},{"message": {"key": "382", "content": {"id": 382, "name": "382", "description": "382", "price": 382.0}, "headers": {"task.generation": "0", "task.id": "0", "current.iteration": "382"}}},{"message": {"key": "385", "content": {"id": 385, "name": "385", "description": "385", "price": 385.0}, "headers": {"task.generation": "0", "task.id": "0", "current.iteration": "385"}}},{"message": {"key": "388", "content": {"id": 388, "name": "388", "description": "388", "price": 388.0}, "headers": {"task.generation": "0", "task.id": "0", "current.iteration": "388"}}},{"message": {"key": "393", "content": {"id": 393, "name": "393", "description": "393", "price": 393.0}, "headers": {"task.generation": "0", "task.id": "0", "current.iteration": "393"}}},{"message": {"key": "400", "content": {"id": 400, "name": "400", "description": "400", "price": 400.0}, "headers": {"task.generation": "0", "task.id": "0", "current.iteration": "400"}}},{"message": {"key": "401", "content": {"id": 401, "name": "401", "description": "401", "price": 401.0}, "headers": {"task.generation": "0", "task.id": "0", "current.iteration": "401"}}},{"message": {"key": "406", "content": {"id": 406, "name": "406", "description": "406", "price": 406.0}, "headers": {"task.generation": "0", "task.id": "0", "current.iteration": "406"}}},{"message": {"key": "407", "content": {"id": 407, "name": "407", "description": "407", "price": 407.0}, "headers": {"task.generation": "0", "task.id": "0", "current.iteration": "407"}}},{"message": {"key": "413", "content": {"id": 413, "name": "413", "description": "413", "price": 413.0}, "headers": {"task.generation": "0", "task.id": "0", "current.iteration": "413"}}},{"message": {"key": "414", "content": {"id": 414, "name": "414", "description": "414", "price": 414.0}, "headers": {"task.generation": "0", "task.id": "0", "current.iteration": "414"}}},{"message": {"key": "416", "content": {"id": 416, "name": "416", "description": "416", "price": 416.0}, "headers": {"task.generation": "0", "task.id": "0", "current.iteration": "416"}}},{"message": {"key": "418", "content": {"id": 418, "name": "418", "description": "418", "price": 418.0}, "headers": {"task.generation": "0", "task.id": "0", "current.iteration": "418"}}},{"message": {"key": "419", "content": {"id": 419, "name": "419", "description": "419", "price": 419.0}, "headers": {"task.generation": "0", "task.id": "0", "current.iteration": "419"}}},{"message": {"key": "427", "content": {"id": 427, "name": "427", "description": "427", "price": 427.0}, "headers": {"task.generation": "0", "task.id": "0", "current.iteration": "427"}}},{"message": {"key": "434", "content": {"id": 434, "name": "434", "description": "434", "price": 434.0}, "headers": {"task.generation": "0", "task.id": "0", "current.iteration": "434"}}},{"message": {"key": "435", "content": {"id": 435, "name": "435", "description": "435", "price": 435.0}, "headers": {"task.generation": "0", "task.id": "0", "current.iteration": "435"}}},{"message": {"key": "444", "content": {"id": 444, "name": "444", "description": "444", "price": 444.0}, "headers": {"task.generation": "0", "task.id": "0", "current.iteration": "444"}}},{"message": {"key": "468", "content": {"id": 468, "name": "468", "description": "468", "price": 468.0}, "headers": {"task.generation": "0", "task.id": "0", "current.iteration": "468"}}},{"message": {"key": "469", "content": {"id": 469, "name": "469", "description": "469", "price": 469.0}, "headers": {"task.generation": "0", "task.id": "0", "current.iteration": "469"}}},{"message": {"key": "481", "content": {"id": 481, "name": "481", "description": "481", "price": 481.0}, "headers": {"task.generation": "0", "task.id": "0", "current.iteration": "481"}}},{"message": {"key": "495", "content": {"id": 495, "name": "495", "description": "495", "price": 495.0}, "headers": {"task.generation": "0", "task.id": "0", "current.iteration": "495"}}},{"message": {"key": "497", "content": {"id": 497, "name": "497", "description": "497", "price": 497.0}, "headers": {"task.generation": "0", "task.id": "0", "current.iteration": "497"}}},{"message": {"key": "508", "content": {"id": 508, "name": "508", "description": "508", "price": 508.0}, "headers": {"task.generation": "0", "task.id": "0", "current.iteration": "508"}}},{"message": {"key": "295", "content": {"id": 295, "name": "295", "description": "295", "price": 295.0}, "headers": {"task.generation": "0", "task.id": "0", "current.iteration": "295"}}},{"message": {"key": "300", "content": {"id": 300, "name": "300", "description": "300", "price": 300.0}, "headers": {"task.generation": "0", "task.id": "0", "current.iteration": "300"}}},{"message": {"key": "304", "content": {"id": 304, "name": "304", "description": "304", "price": 304.0}, "headers": {"task.generation": "0", "task.id": "0", "current.iteration": "304"}}},{"message": {"key": "308", "content": {"id": 308, "name": "308", "description": "308", "price": 308.0}, "headers": {"task.generation": "0", "task.id": "0", "current.iteration": "308"}}},{"message": {"key": "311", "content": {"id": 311, "name": "311", "description": "311", "price": 311.0}, "headers": {"task.generation": "0", "task.id": "0", "current.iteration": "311"}}},{"message": {"key": "313", "content": {"id": 313, "name": "313", "description": "313", "price": 313.0}, "headers": {"task.generation": "0", "task.id": "0", "current.iteration": "313"}}},{"message": {"key": "316", "content": {"id": 316, "name": "316", "description": "316", "price": 316.0}, "headers": {"task.generation": "0", "task.id": "0", "current.iteration": "316"}}},{"message": {"key": "319", "content": {"id": 319, "name": "319", "description": "319", "price": 319.0}, "headers": {"task.generation": "0", "task.id": "0", "current.iteration": "319"}}},{"message": {"key": "326", "content": {"id": 326, "name": "326", "description": "326", "price": 326.0}, "headers": {"task.generation": "0", "task.id": "0", "current.iteration": "326"}}},{"message": {"key": "329", "content": {"id": 329, "name": "329", "description": "329", "price": 329.0}, "headers": {"task.generation": "0", "task.id": "0", "current.iteration": "329"}}},{"message": {"key": "335", "content": {"id": 335, "name": "335", "description": "335", "price": 335.0}, "headers": {"task.generation": "0", "task.id": "0", "current.iteration": "335"}}},{"message": {"key": "337", "content": {"id": 337, "name": "337", "description": "337", "price": 337.0}, "headers": {"task.generation": "0", "task.id": "0", "current.iteration": "337"}}},{"message": {"key": "347", "content": {"id": 347, "name": "347", "description": "347", "price": 347.0}, "headers": {"task.generation": "0", "task.id": "0", "current.iteration": "347"}}},{"message": {"key": "348", "content": {"id": 348, "name": "348", "description": "348", "price": 348.0}, "headers": {"task.generation": "0", "task.id": "0", "current.iteration": "348"}}},{"message": {"key": "355", "content": {"id": 355, "name": "355", "description": "355", "price": 355.0}, "headers": {"task.generation": "0", "task.id": "0", "current.iteration": "355"}}},{"message": {"key": "360", "content": {"id": 360, "name": "360", "description": "360", "price": 360.0}, "headers": {"task.generation": "0", "task.id": "0", "current.iteration": "360"}}},{"message": {"key": "361", "content": {"id": 361, "name": "361", "description": "361", "price": 361.0}, "headers": {"task.generation": "0", "task.id": "0", "current.iteration": "361"}}},{"message": {"key": "366", "content": {"id": 366, "name": "366", "description": "366", "price": 366.0}, "headers": {"task.generation": "0", "task.id": "0", "current.iteration": "366"}}},{"message": {"key": "367", "content": {"id": 367, "name": "367", "description": "367", "price": 367.0}, "headers": {"task.generation": "0", "task.id": "0", "current.iteration": "367"}}},{"message": {"key": "369", "content": {"id": 369, "name": "369", "description": "369", "price": 369.0}, "headers": {"task.generation": "0", "task.id": "0", "current.iteration": "369"}}},{"message": {"key": "389", "content": {"id": 389, "name": "389", "description": "389", "price": 389.0}, "headers": {"task.generation": "0", "task.id": "0", "current.iteration": "389"}}},{"message": {"key": "402", "content": {"id": 402, "name": "402", "description": "402", "price": 402.0}, "headers": {"task.generation": "0", "task.id": "0", "current.iteration": "402"}}},{"message": {"key": "405", "content": {"id": 405, "name": "405", "description": "405", "price": 405.0}, "headers": {"task.generation": "0", "task.id": "0", "current.iteration": "405"}}},{"message": {"key": "409", "content": {"id": 409, "name": "409", "description": "409", "price": 409.0}, "headers": {"task.generation": "0", "task.id": "0", "current.iteration": "409"}}},{"message": {"key": "410", "content": {"id": 410, "name": "410", "description": "410", "price": 410.0}, "headers": {"task.generation": "0", "task.id": "0", "current.iteration": "410"}}},{"message": {"key": "423", "content": {"id": 423, "name": "423", "description": "423", "price": 423.0}, "headers": {"task.generation": "0", "task.id": "0", "current.iteration": "423"}}},{"message": {"key": "428", "content": {"id": 428, "name": "428", "description": "428", "price": 428.0}, "headers": {"task.generation": "0", "task.id": "0", "current.iteration": "428"}}},{"message": {"key": "432", "content": {"id": 432, "name": "432", "description": "432", "price": 432.0}, "headers": {"task.generation": "0", "task.id": "0", "current.iteration": "432"}}},{"message": {"key": "449", "content": {"id": 449, "name": "449", "description": "449", "price": 449.0}, "headers": {"task.generation": "0", "task.id": "0", "current.iteration": "449"}}},{"message": {"key": "450", "content": {"id": 450, "name": "450", "description": "450", "price": 450.0}, "headers": {"task.generation": "0", "task.id": "0", "current.iteration": "450"}}},{"message": {"key": "460", "content": {"id": 460, "name": "460", "description": "460", "price": 460.0}, "headers": {"task.generation": "0", "task.id": "0", "current.iteration": "460"}}},{"message": {"key": "470", "content": {"id": 470, "name": "470", "description": "470", "price": 470.0}, "headers": {"task.generation": "0", "task.id": "0", "current.iteration": "470"}}},{"message": {"key": "471", "content": {"id": 471, "name": "471", "description": "471", "price": 471.0}, "headers": {"task.generation": "0", "task.id": "0", "current.iteration": "471"}}},{"message": {"key": "472", "content": {"id": 472, "name": "472", "description": "472", "price": 472.0}, "headers": {"task.generation": "0", "task.id": "0", "current.iteration": "472"}}},{"message": {"key": "474", "content": {"id": 474, "name": "474", "description": "474", "price": 474.0}, "headers": {"task.generation": "0", "task.id": "0", "current.iteration": "474"}}},{"message": {"key": "476", "content": {"id": 476, "name": "476", "description": "476", "price": 476.0}, "headers": {"task.generation": "0", "task.id": "0", "current.iteration": "476"}}},{"message": {"key": "483", "content": {"id": 483, "name": "483", "description": "483", "price": 483.0}, "headers": {"task.generation": "0", "task.id": "0", "current.iteration": "483"}}},{"message": {"key": "485", "content": {"id": 485, "name": "485", "description": "485", "price": 485.0}, "headers": {"task.generation": "0", "task.id": "0", "current.iteration": "485"}}},{"message": {"key": "491", "content": {"id": 491, "name": "491", "description": "491", "price": 491.0}, "headers": {"task.generation": "0", "task.id": "0", "current.iteration": "491"}}},{"message": {"key": "493", "content": {"id": 493, "name": "493", "description": "493", "price": 493.0}, "headers": {"task.generation": "0", "task.id": "0", "current.iteration": "493"}}},{"message": {"key": "499", "content": {"id": 499, "name": "499", "description": "499", "price": 499.0}, "headers": {"task.generation": "0", "task.id": "0", "current.iteration": "499"}}},{"message": {"key": "500", "content": {"id": 500, "name": "500", "description": "500", "price": 500.0}, "headers": {"task.generation": "0", "task.id": "0", "current.iteration": "500"}}},{"message": {"key": "296", "content": {"id": 296, "name": "296", "description": "296", "price": 296.0}, "headers": {"task.generation": "0", "task.id": "0", "current.iteration": "296"}}},{"message": {"key": "299", "content": {"id": 299, "name": "299", "description": "299", "price": 299.0}, "headers": {"task.generation": "0", "task.id": "0", "current.iteration": "299"}}},{"message": {"key": "301", "content": {"id": 301, "name": "301", "description": "301", "price": 301.0}, "headers": {"task.generation": "0", "task.id": "0", "current.iteration": "301"}}},{"message": {"key": "307", "content": {"id": 307, "name": "307", "description": "307", "price": 307.0}, "headers": {"task.generation": "0", "task.id": "0", "current.iteration": "307"}}},{"message": {"key": "317", "content": {"id": 317, "name": "317", "description": "317", "price": 317.0}, "headers": {"task.generation": "0", "task.id": "0", "current.iteration": "317"}}},{"message": {"key": "320", "content": {"id": 320, "name": "320", "description": "320", "price": 320.0}, "headers": {"task.generation": "0", "task.id": "0", "current.iteration": "320"}}},{"message": {"key": "338", "content": {"id": 338, "name": "338", "description": "338", "price": 338.0}, "headers": {"task.generation": "0", "task.id": "0", "current.iteration": "338"}}},{"message": {"key": "339", "content": {"id": 339, "name": "339", "description": "339", "price": 339.0}, "headers": {"task.generation": "0", "task.id": "0", "current.iteration": "339"}}},{"message": {"key": "340", "content": {"id": 340, "name": "340", "description": "340", "price": 340.0}, "headers": {"task.generation": "0", "task.id": "0", "current.iteration": "340"}}},{"message": {"key": "342", "content": {"id": 342, "name": "342", "description": "342", "price": 342.0}, "headers": {"task.generation": "0", "task.id": "0", "current.iteration": "342"}}},{"message": {"key": "344", "content": {"id": 344, "name": "344", "description": "344", "price": 344.0}, "headers": {"task.generation": "0", "task.id": "0", "current.iteration": "344"}}},{"message": {"key": "356", "content": {"id": 356, "name": "356", "description": "356", "price": 356.0}, "headers": {"task.generation": "0", "task.id": "0", "current.iteration": "356"}}},{"message": {"key": "364", "content": {"id": 364, "name": "364", "description": "364", "price": 364.0}, "headers": {"task.generation": "0", "task.id": "0", "current.iteration": "364"}}},{"message": {"key": "371", "content": {"id": 371, "name": "371", "description": "371", "price": 371.0}, "headers": {"task.generation": "0", "task.id": "0", "current.iteration": "371"}}},{"message": {"key": "373", "content": {"id": 373, "name": "373", "description": "373", "price": 373.0}, "headers": {"task.generation": "0", "task.id": "0", "current.iteration": "373"}}},{"message": {"key": "391", "content": {"id": 391, "name": "391", "description": "391", "price": 391.0}, "headers": {"task.generation": "0", "task.id": "0", "current.iteration": "391"}}},{"message": {"key": "395", "content": {"id": 395, "name": "395", "description": "395", "price": 395.0}, "headers": {"task.generation": "0", "task.id": "0", "current.iteration": "395"}}},{"message": {"key": "398", "content": {"id": 398, "name": "398", "description": "398", "price": 398.0}, "headers": {"task.generation": "0", "task.id": "0", "current.iteration": "398"}}},{"message": {"key": "404", "content": {"id": 404, "name": "404", "description": "404", "price": 404.0}, "headers": {"task.generation": "0", "task.id": "0", "current.iteration": "404"}}},{"message": {"key": "408", "content": {"id": 408, "name": "408", "description": "408", "price": 408.0}, "headers": {"task.generation": "0", "task.id": "0", "current.iteration": "408"}}},{"message": {"key": "411", "content": {"id": 411, "name": "411", "description": "411", "price": 411.0}, "headers": {"task.generation": "0", "task.id": "0", "current.iteration": "411"}}},{"message": {"key": "420", "content": {"id": 420, "name": "420", "description": "420", "price": 420.0}, "headers": {"task.generation": "0", "task.id": "0", "current.iteration": "420"}}},{"message": {"key": "421", "content": {"id": 421, "name": "421", "description": "421", "price": 421.0}, "headers": {"task.generation": "0", "task.id": "0", "current.iteration": "421"}}},{"message": {"key": "424", "content": {"id": 424, "name": "424", "description": "424", "price": 424.0}, "headers": {"task.generation": "0", "task.id": "0", "current.iteration": "424"}}},{"message": {"key": "433", "content": {"id": 433, "name": "433", "description": "433", "price": 433.0}, "headers": {"task.generation": "0", "task.id": "0", "current.iteration": "433"}}},{"message": {"key": "442", "content": {"id": 442, "name": "442", "description": "442", "price": 442.0}, "headers": {"task.generation": "0", "task.id": "0", "current.iteration": "442"}}},{"message": {"key": "445", "content": {"id": 445, "name": "445", "description": "445", "price": 445.0}, "headers": {"task.generation": "0", "task.id": "0", "current.iteration": "445"}}},{"message": {"key": "451", "content": {"id": 451, "name": "451", "description": "451", "price": 451.0}, "headers": {"task.generation": "0", "task.id": "0", "current.iteration": "451"}}},{"message": {"key": "452", "content": {"id": 452, "name": "452", "description": "452", "price": 452.0}, "headers": {"task.generation": "0", "task.id": "0", "current.iteration": "452"}}},{"message": {"key": "453", "content": {"id": 453, "name": "453", "description": "453", "price": 453.0}, "headers": {"task.generation": "0", "task.id": "0", "current.iteration": "453"}}},{"message": {"key": "454", "content": {"id": 454, "name": "454", "description": "454", "price": 454.0}, "headers": {"task.generation": "0", "task.id": "0", "current.iteration": "454"}}},{"message": {"key": "457", "content": {"id": 457, "name": "457", "description": "457", "price": 457.0}, "headers": {"task.generation": "0", "task.id": "0", "current.iteration": "457"}}},{"message": {"key": "461", "content": {"id": 461, "name": "461", "description": "461", "price": 461.0}, "headers": {"task.generation": "0", "task.id": "0", "current.iteration": "461"}}},{"message": {"key": "463", "content": {"id": 463, "name": "463", "description": "463", "price": 463.0}, "headers": {"task.generation": "0", "task.id": "0", "current.iteration": "463"}}},{"message": {"key": "464", "content": {"id": 464, "name": "464", "description": "464", "price": 464.0}, "headers": {"task.generation": "0", "task.id": "0", "current.iteration": "464"}}},{"message": {"key": "477", "content": {"id": 477, "name": "477", "description": "477", "price": 477.0}, "headers": {"task.generation": "0", "task.id": "0", "current.iteration": "477"}}},{"message": {"key": "489", "content": {"id": 489, "name": "489", "description": "489", "price": 489.0}, "headers": {"task.generation": "0", "task.id": "0", "current.iteration": "489"}}},{"message": {"key": "492", "content": {"id": 492, "name": "492", "description": "492", "price": 492.0}, "headers": {"task.generation": "0", "task.id": "0", "current.iteration": "492"}}},{"message": {"key": "494", "content": {"id": 494, "name": "494", "description": "494", "price": 494.0}, "headers": {"task.generation": "0", "task.id": "0", "current.iteration": "494"}}},{"message": {"key": "501", "content": {"id": 501, "name": "501", "description": "501", "price": 501.0}, "headers": {"task.generation": "0", "task.id": "0", "current.iteration": "501"}}},{"message": {"key": "502", "content": {"id": 502, "name": "502", "description": "502", "price": 502.0}, "headers": {"task.generation": "0", "task.id": "0", "current.iteration": "502"}}},{"message": {"key": "505", "content": {"id": 505, "name": "505", "description": "505", "price": 505.0}, "headers": {"task.generation": "0", "task.id": "0", "current.iteration": "505"}}},{"message": {"key": "507", "content": {"id": 507, "name": "507", "description": "507", "price": 507.0}, "headers": {"task.generation": "0", "task.id": "0", "current.iteration": "507"}}}]