<Dataset id="Repos_JSON" type="json" uriProperty="">
  <MetaData>
    <Label>Repos JSON</Label>
    <Description xml:space="preserve"><![CDATA[This file based dataset is the data sink for the REST Request operator and is used by the JSON Transformation to create the Knowledge Graph.]]></Description>
    <Modified>2020-12-04T10:17:20.855Z</Modified>
  </MetaData>
  <Param name="file" xml:space="preserve"><![CDATA[repos.json]]></Param>
  <Param name="basePath" xml:space="preserve"><![CDATA[]]></Param>
  <Param name="uriPattern" xml:space="preserve"><![CDATA[]]></Param>
</Dataset>
