<Dataset id="CopyofProductsIntegration_c50e3e4f4f1825a8" type="eccencaDataPlatform" uriProperty="" readOnly="false">
  <MetaData>
    <Label>Products (&quot;evaluate template&quot; operator tutorial)</Label>
    <Description xml:space="preserve"><![CDATA[http://ld.company.org/prod-inst-jinja/]]></Description>
    <Modified>2023-04-28T16:00:29.065599Z</Modified>
    <Created>2023-04-28T16:00:29.065599Z</Created>
    <CreatedByUser>http://eccenca.com/admin</CreatedByUser>
    <LastModifiedByUser>http://eccenca.com/admin</LastModifiedByUser>
    <Tags> </Tags>
  </MetaData>
  <Param name="pageSize" xml:space="preserve"><![CDATA[100000]]></Param>
  <Param name="clearGraphBeforeExecution" xml:space="preserve"><![CDATA[false]]></Param>
  <Param name="optimizedRetrieve" xml:space="preserve"><![CDATA[true]]></Param>
  <Param name="pauseTime" xml:space="preserve"><![CDATA[0]]></Param>
  <Param name="retryCount" xml:space="preserve"><![CDATA[3]]></Param>
  <Param name="strategy" xml:space="preserve"><![CDATA[parallel]]></Param>
  <Param name="retryPause" xml:space="preserve"><![CDATA[1000]]></Param>
  <Param name="endpoint" xml:space="preserve"><![CDATA[default]]></Param>
  <Param name="graph" xml:space="preserve"><![CDATA[http://ld.company.org/prod-inst-jinja/]]></Param>
  <Param name="entityList" xml:space="preserve"><![CDATA[]]></Param>
  <Param name="sparqlTimeout" xml:space="preserve"><![CDATA[0]]></Param>
</Dataset>
