<Dataset id="rdftestfile_07236949ab19724e" type="file" uriProperty="" readOnly="false">
  <MetaData>
    <Label>rdf: products graph</Label>
    <Description xml:space="preserve"><![CDATA[RDF dataset to be sent as email attachment]]></Description>
    <Modified>2023-04-28T16:00:29.438124Z</Modified>
    <Created>2023-04-28T16:00:29.438124Z</Created>
    <CreatedByUser>http://eccenca.com/admin</CreatedByUser>
    <LastModifiedByUser>http://eccenca.com/admin</LastModifiedByUser>
    <Tags> </Tags>
  </MetaData>
  <Param name="zipFileRegex" xml:space="preserve"><![CDATA[.*]]></Param>
  <Param name="format" xml:space="preserve"><![CDATA[]]></Param>
  <Param name="file" xml:space="preserve"><![CDATA[template_operator.nt]]></Param>
  <Param name="graph" xml:space="preserve"><![CDATA[]]></Param>
  <Param name="entityList" xml:space="preserve"><![CDATA[]]></Param>
</Dataset>
