<CustomTask id="SELECTcountemployeesandmanagers_4ccc17455b42c9dd" type="sparqlSelectOperator"><MetaData>
        <Label>SELECT: count instances</Label>
        <Description xml:space="preserve"><![CDATA[count employees, managers, departments, products and comaptible products]]></Description>
        <Modified>2023-05-08T15:23:22.381282Z</Modified>
        <Created>2023-04-28T16:00:31.113326Z</Created>
        <CreatedByUser>http://eccenca.com/admin</CreatedByUser>
        <LastModifiedByUser>http://eccenca.com/admin</LastModifiedByUser>
        <Tags>
          
        </Tags>
      </MetaData>
        <Param name="selectQuery" xml:space="preserve"><![CDATA[PREFIX pv: <http://ld.company.org/prod-vocab/>

SELECT ?employees
    ?managers
    ?departments
    ?products
    ?product_compatibility
    ?currentDateTime
FROM <http://ld.company.org/prod-inst-jinja/>
WHERE {
    { SELECT ( COUNT( DISTINCT ?employee ) AS ?employees ) {
        ?employee a pv:Employee } 
    }
    { SELECT ( COUNT( DISTINCT ?manager ) AS ?managers ) {
        ?manager a pv:Manager } 
    }
    { SELECT ( COUNT( DISTINCT ?department ) AS ?departments ) {
        ?department a pv:Department } 
    }
    { SELECT ( COUNT( DISTINCT ?product_) AS ?products ) {
        ?product_ a pv:Hardware } 
    }
    { SELECT ( COUNT( DISTINCT ?comp_product_ ) AS ?product_compatibility ) {
        ?comp_product_  pv:compatibleProduct ?prod } 
    }
    BIND( now() AS ?currentDateTime )
}
]]></Param><Param name="limit" xml:space="preserve"><![CDATA[]]></Param><Param name="optionalInputDataset" xml:space="preserve"><![CDATA[]]></Param><Param name="sparqlTimeout" xml:space="preserve"><![CDATA[0]]></Param>
      </CustomTask>
