<CustomTask id="tasksendemail_8ec13c4b95521bfc" type="SendEMail"><MetaData>
        <Label>task: send email</Label>
        <Description xml:space="preserve"><![CDATA[]]></Description>
        <Modified>2023-04-28T16:02:16.180640Z</Modified>
        <Created>2023-04-28T16:00:31.897548Z</Created>
        <CreatedByUser>http://eccenca.com/admin</CreatedByUser>
        <LastModifiedByUser>http://eccenca.com/admin</LastModifiedByUser>
        <Tags>
          
        </Tags>
      </MetaData>
        <Param name="subject" xml:space="preserve"><![CDATA[jinja operator test]]></Param><Param name="nrRetries" xml:space="preserve"><![CDATA[2]]></Param><Param name="host" xml:space="preserve"><![CDATA[mail.myProvider.com]]></Param><Param name="readParametersFromInput" xml:space="preserve"><![CDATA[false]]></Param><Param name="receiver" xml:space="preserve"><![CDATA[]]></Param><Param name="sslConnection" xml:space="preserve"><![CDATA[false]]></Param><Param name="port" xml:space="preserve"><![CDATA[587]]></Param><Param name="delayBetweenDeliveriesMS" xml:space="preserve"><![CDATA[2]]></Param><Param name="withAttachment" xml:space="preserve"><![CDATA[true]]></Param><Param name="from" xml:space="preserve"><![CDATA[]]></Param><Param name="bcc" xml:space="preserve"><![CDATA[]]></Param><Param name="message" xml:space="preserve"><![CDATA[]]></Param><Param name="cc" xml:space="preserve"><![CDATA[]]></Param><Param name="timeout" xml:space="preserve"><![CDATA[10000]]></Param><Param name="user" xml:space="preserve"><![CDATA[]]></Param><Param name="password" xml:space="preserve"><![CDATA[]]></Param>
      </CustomTask>
