<TransformSpec id="4d9505e5-b5ef-47e4-b5c1-8cfe0948746d_abc">
  <MetaData>
    <Label>Compose SQL Query with Offset and Limit</Label>
    <Description xml:space="preserve"><![CDATA[Transformation to compose a SQL query based on the offset and limit data from the Services Metadata Graph]]></Description>
    <Modified>2020-11-24T13:04:10.074Z</Modified>
    <LastModifiedByUser>http://eccenca.com/admin</LastModifiedByUser>
  </MetaData>
  <SourceDataset dataSource="92ae7059-cf03-4f73-b47f-34a7463e9b63_ServicesMetadataGraph" var="a" typeUri="https://vocab.eccenca.com/di/Dataset">
    <RestrictTo> ?a &lt;https://vocab.eccenca.com/di/functions/param_Jdbc_limit&gt; ?limit . ?a &lt;https://vocab.eccenca.com/di/functions/param_Jdbc_lastOffset&gt; ?offset . </RestrictTo>
  </SourceDataset>
  <RootMappingRule id="root">
    <MappingRules>
      <TransformRule name="test">
        <MetaData>
          <Label>SQL Query</Label>
          <Description xml:space="preserve"><![CDATA[]]></Description>
        </MetaData>
        <TransformInput id="concat" function="concat">
          <TransformInput id="constant1" function="constant">
            <Param name="value" xml:space="preserve"><![CDATA[SELECT * FROM ]]></Param>
          </TransformInput>
          <Input id="sourcePath1" path="&lt;https://vocab.eccenca.com/di/functions/param_Jdbc_table&gt;"/>
          <TransformInput id="constant2" function="constant">
            <Param name="value" xml:space="preserve"><![CDATA[ LIMIT ]]></Param>
          </TransformInput>
          <Input id="sourcePath2" path="&lt;https://vocab.eccenca.com/di/functions/param_Jdbc_limit&gt;"/>
          <TransformInput id="constant3" function="constant">
            <Param name="value" xml:space="preserve"><![CDATA[ OFFSET ]]></Param>
          </TransformInput>
          <Input id="sourcePath3" path="&lt;https://vocab.eccenca.com/di/functions/param_Jdbc_lastOffset&gt;"/>
          <Param name="glue" xml:space="preserve"><![CDATA[]]></Param>
          <Param name="missingValuesAsEmptyStrings" xml:space="preserve"><![CDATA[false]]></Param>
        </TransformInput>
        <MappingTarget uri="sourceQuery" isBackwardProperty="false" isAttribute="false">
          <ValueType nodeType="StringValueType"/>
        </MappingTarget>
      </TransformRule>
    </MappingRules>
    <MetaData>
      <Label>Compose SQL Mapping</Label>
      <Description xml:space="preserve"><![CDATA[]]></Description>
    </MetaData>
  </RootMappingRule>
  <Outputs> </Outputs>
  <TargetVocabularyCategory>all installed vocabularies</TargetVocabularyCategory>
</TransformSpec>
