<Workflow id="MITREATTCKworkflow_0026cd412cea12c9" replaceableInputs="" replaceableOutputs="">
  <MetaData>
    <Label>MITRE ATT&amp;CK® workflow</Label>
    <Description xml:space="preserve"><![CDATA[]]></Description>
    <Modified>2023-06-14T13:25:14.702022Z</Modified>
    <Created>2023-06-14T13:21:22.704527Z</Created>
    <CreatedByUser>http://eccenca.com/karima.rafes%40gmail.com</CreatedByUser>
    <LastModifiedByUser>http://eccenca.com/karima.rafes%40gmail.com</LastModifiedByUser>
    <Tags> </Tags>
  </MetaData>
  <Operator posX="-225" posY="90" task="TransformallSTIXdatatoRDF_92c1f44735feac85" inputs="" outputs="MITREATTCKworkflow_0b8fa5454ef21a00" errorOutputs="" id="TransformallSTIXdatatoRDF_92c1f44735feac85" configInputs=""/>
  <Operator posX="135" posY="90" task="MITREATTCKworkflow_0b8fa5454ef21a00" inputs="TransformallSTIXdatatoRDF_92c1f44735feac85" outputs="" errorOutputs="" id="MITREATTCKworkflow_0b8fa5454ef21a00" configInputs=""/>
  <UiAnnotations>
    <StickyNotes> </StickyNotes>
  </UiAnnotations>
</Workflow>
