<Workflow id="MITREATTCKworkflow_0b8fa5454ef21a00" replaceableInputs="" replaceableOutputs="">
  <MetaData>
    <Label>Assemble the global knowledge graph</Label>
    <Description xml:space="preserve"><![CDATA[]]></Description>
    <Modified>2023-06-14T13:55:30.341466Z</Modified>
    <Created>2023-06-14T09:50:51.414250Z</Created>
    <CreatedByUser>http://eccenca.com/karima.rafes%40gmail.com</CreatedByUser>
    <LastModifiedByUser>http://eccenca.com/karima.rafes%40gmail.com</LastModifiedByUser>
    <Tags> </Tags>
  </MetaData>
  <Operator posX="975" posY="15" task="Importgraph_bb02af4f23fcb342" inputs="MAEntrepriseknowledgegraph_99e79e44a26ee187" outputs="MITREATTCKknowledgegraph_bf52e540de5d0b24" errorOutputs="" id="Importgraph_bb02af4f23fcb342" configInputs=""/>
  <Operator posX="975" posY="150" task="Importgraph_bb02af4f23fcb342" inputs="MAMobileknowledgegraph_8682644687159167" outputs="MITREATTCKknowledgegraph_bf52e540de5d0b24" errorOutputs="" id="Importgraph_bb02af4f23fcb342_2" configInputs=""/>
  <Operator posX="975" posY="285" task="Importgraph_bb02af4f23fcb342" inputs="MAICSknowledgegraph_e408c049327cc896" outputs="MITREATTCKknowledgegraph_bf52e540de5d0b24" errorOutputs="" id="Importgraph_bb02af4f23fcb342_3" configInputs=""/>
  <Operator posX="1380" posY="375" task="CalculateVoID_f02cd4417fa7c16e" inputs="MITREATTCKknowledgegraph_bf52e540de5d0b24" outputs="MITREATTCKknowledgegraph_bf52e540de5d0b24_2" errorOutputs="" id="CalculateVoID_f02cd4417fa7c16e" configInputs=""/>
  <Operator posX="975" posY="405" task="Importgraph_bb02af4f23fcb342" inputs="STIXinferences_47c3754f53a79015" outputs="MITREATTCKknowledgegraph_bf52e540de5d0b24" errorOutputs="" id="Importgraph_bb02af4f23fcb342_4" configInputs=""/>
  <Dataset posX="660" posY="15" task="MAEntrepriseknowledgegraph_99e79e44a26ee187" inputs="" outputs="Importgraph_bb02af4f23fcb342" id="MAEntrepriseknowledgegraph_99e79e44a26ee187" configInputs=""/>
  <Dataset posX="660" posY="285" task="MAICSknowledgegraph_e408c049327cc896" inputs="" outputs="Importgraph_bb02af4f23fcb342_3" id="MAICSknowledgegraph_e408c049327cc896" configInputs=""/>
  <Dataset posX="660" posY="150" task="MAMobileknowledgegraph_8682644687159167" inputs="" outputs="Importgraph_bb02af4f23fcb342_2" id="MAMobileknowledgegraph_8682644687159167" configInputs=""/>
  <Dataset posX="1320" posY="225" task="MITREATTCKknowledgegraph_bf52e540de5d0b24" inputs="Importgraph_bb02af4f23fcb342,Importgraph_bb02af4f23fcb342_2,Importgraph_bb02af4f23fcb342_3,Importgraph_bb02af4f23fcb342_4" outputs="CalculateVoID_f02cd4417fa7c16e" id="MITREATTCKknowledgegraph_bf52e540de5d0b24" configInputs=""/>
  <Dataset posX="1485" posY="510" task="MITREATTCKknowledgegraph_bf52e540de5d0b24" inputs="CalculateVoID_f02cd4417fa7c16e" outputs="" id="MITREATTCKknowledgegraph_bf52e540de5d0b24_2" configInputs=""/>
  <Dataset posX="660" posY="405" task="STIXinferences_47c3754f53a79015" inputs="" outputs="Importgraph_bb02af4f23fcb342_4" id="STIXinferences_47c3754f53a79015" configInputs=""/>
  <UiAnnotations>
    <StickyNotes> </StickyNotes>
  </UiAnnotations>
</Workflow>
