<Workflow id="TransformallSTIXdatatoRDF_92c1f44735feac85" replaceableInputs="" replaceableOutputs="">
  <MetaData>
    <Label>Transform all STIX data to RDF</Label>
    <Description xml:space="preserve"><![CDATA[]]></Description>
    <Modified>2023-06-14T13:19:35.605361Z</Modified>
    <Created>2023-06-14T12:59:22.386745Z</Created>
    <CreatedByUser>http://eccenca.com/karima.rafes%40gmail.com</CreatedByUser>
    <LastModifiedByUser>http://eccenca.com/karima.rafes%40gmail.com</LastModifiedByUser>
    <Tags> </Tags>
  </MetaData>
  <Operator posX="345" posY="15" task="STIX21transformer_ac63a24db973fde0" inputs="MAEntrepriseJSON_14f0f94ed5de5daa" outputs="MAEntrepriseknowledgegraph_99e79e44a26ee187" errorOutputs="" id="STIX21transformer_ac63a24db973fde0" configInputs=""/>
  <Operator posX="345" posY="150" task="STIX21transformer_ac63a24db973fde0" inputs="MAMobileJSON_3f890442dad17750" outputs="MAMobileknowledgegraph_8682644687159167" errorOutputs="" id="STIX21transformer_ac63a24db973fde0_2" configInputs=""/>
  <Operator posX="345" posY="285" task="STIX21transformer_ac63a24db973fde0" inputs="MAICSJSON_e024c6433ed523e1" outputs="MAICSknowledgegraph_e408c049327cc896" errorOutputs="" id="STIX21transformer_ac63a24db973fde0_3" configInputs=""/>
  <Operator posX="1035" posY="15" task="ConvertSTIXrelationshipstordfstatements_b91b394fb2a4ead1" inputs="MAEntrepriseknowledgegraph_99e79e44a26ee187" outputs="STIXinferences_47c3754f53a79015" errorOutputs="" id="ConvertSTIXrelationshipstordfstatements_b91b394fb2a4ead1" configInputs=""/>
  <Operator posX="1035" posY="150" task="ConvertSTIXrelationshipstordfstatements_b91b394fb2a4ead1" inputs="MAMobileknowledgegraph_8682644687159167" outputs="STIXinferences_47c3754f53a79015" errorOutputs="" id="ConvertSTIXrelationshipstordfstatements_b91b394fb2a4ead1_2" configInputs=""/>
  <Operator posX="1035" posY="285" task="ConvertSTIXrelationshipstordfstatements_b91b394fb2a4ead1" inputs="MAICSknowledgegraph_e408c049327cc896" outputs="STIXinferences_47c3754f53a79015" errorOutputs="" id="ConvertSTIXrelationshipstordfstatements_b91b394fb2a4ead1_3" configInputs=""/>
  <Dataset posX="15" posY="15" task="MAEntrepriseJSON_14f0f94ed5de5daa" inputs="" outputs="STIX21transformer_ac63a24db973fde0" id="MAEntrepriseJSON_14f0f94ed5de5daa" configInputs=""/>
  <Dataset posX="660" posY="15" task="MAEntrepriseknowledgegraph_99e79e44a26ee187" inputs="STIX21transformer_ac63a24db973fde0" outputs="ConvertSTIXrelationshipstordfstatements_b91b394fb2a4ead1" id="MAEntrepriseknowledgegraph_99e79e44a26ee187" configInputs=""/>
  <Dataset posX="15" posY="150" task="MAMobileJSON_3f890442dad17750" inputs="" outputs="STIX21transformer_ac63a24db973fde0_2" id="MAMobileJSON_3f890442dad17750" configInputs=""/>
  <Dataset posX="15" posY="285" task="MAICSJSON_e024c6433ed523e1" inputs="" outputs="STIX21transformer_ac63a24db973fde0_3" id="MAICSJSON_e024c6433ed523e1" configInputs=""/>
  <Dataset posX="660" posY="285" task="MAICSknowledgegraph_e408c049327cc896" inputs="STIX21transformer_ac63a24db973fde0_3" outputs="ConvertSTIXrelationshipstordfstatements_b91b394fb2a4ead1_3" id="MAICSknowledgegraph_e408c049327cc896" configInputs=""/>
  <Dataset posX="660" posY="150" task="MAMobileknowledgegraph_8682644687159167" inputs="STIX21transformer_ac63a24db973fde0_2" outputs="ConvertSTIXrelationshipstordfstatements_b91b394fb2a4ead1_2" id="MAMobileknowledgegraph_8682644687159167" configInputs=""/>
  <Dataset posX="1380" posY="165" task="STIXinferences_47c3754f53a79015" inputs="ConvertSTIXrelationshipstordfstatements_b91b394fb2a4ead1,ConvertSTIXrelationshipstordfstatements_b91b394fb2a4ead1_2,ConvertSTIXrelationshipstordfstatements_b91b394fb2a4ead1_3" outputs="" id="STIXinferences_47c3754f53a79015" configInputs=""/>
  <UiAnnotations>
    <StickyNotes> </StickyNotes>
  </UiAnnotations>
</Workflow>
