<CustomTask id="API_Request_Github_Repos" type="RestOperator"><MetaData>
        <Label>API Request Github Repos</Label>
        <Description xml:space="preserve"><![CDATA[The HTTP Get request retrieves all repositories of a GitHub organization named vocol.]]></Description>
        <Modified>2020-11-13T12:34:28.677Z</Modified>
        
        
        
      </MetaData><Param name="requestTimeout" xml:space="preserve"><![CDATA[10000]]></Param><Param name="method" xml:space="preserve"><![CDATA[GET]]></Param><Param name="accept" xml:space="preserve"><![CDATA[]]></Param><Param name="url" xml:space="preserve"><![CDATA[https://api.github.com/orgs/vocol/repos]]></Param><Param name="multipartFileParameter" xml:space="preserve"><![CDATA[]]></Param><Param name="readParametersFromInput" xml:space="preserve"><![CDATA[false]]></Param><Param name="authorizationHeader" xml:space="preserve"><![CDATA[]]></Param><Param name="contentType" xml:space="preserve"><![CDATA[]]></Param><Param name="readTimeout" xml:space="preserve"><![CDATA[10000]]></Param><Param name="content" xml:space="preserve"><![CDATA[]]></Param><Param name="connectionTimeout" xml:space="preserve"><![CDATA[5000]]></Param><Param name="httpHeaders" xml:space="preserve"><![CDATA[]]></Param><Param name="authorizationHeaderValue" xml:space="preserve"><![CDATA[]]></Param></CustomTask>
