<CustomTask id="Parse_JSON_Responsebody" type="JsonParserOperator"><MetaData>
        <Label>Parse HTTP Response body as JSON</Label>
        <Description xml:space="preserve"><![CDATA[Parses the JSON data from the HTTP Response we received from the API call. ]]></Description>
        <Modified>2020-12-04T10:17:09.115Z</Modified>
        
        
        
      </MetaData><Param name="inputPath" xml:space="preserve"><![CDATA[<http://silkframework.org/vocab/taskSpec/RestTaskResult/responseBody>]]></Param><Param name="basePath" xml:space="preserve"><![CDATA[]]></Param><Param name="uriSuffixPattern" xml:space="preserve"><![CDATA[]]></Param></CustomTask>
