<Dataset id="Orgmap_XML" type="xml" uriProperty="">
  <MetaData>
    <Label>Orgmap XML</Label>
    <Description xml:space="preserve"><![CDATA[XML file that contains data about Organizations.]]></Description>
    <Modified>2020-12-04T08:12:43.936Z</Modified>
    <LastModifiedByUser>http://eccenca.com/stramp</LastModifiedByUser>
  </MetaData>
  <Param name="zipFileRegex" xml:space="preserve"><![CDATA[.*\.xml$]]></Param>
  <Param name="streaming" xml:space="preserve"><![CDATA[true]]></Param>
  <Param name="basePath" xml:space="preserve"><![CDATA[]]></Param>
  <Param name="outputTemplate" xml:space="preserve"><![CDATA[<Root><?Entity?></Root>]]></Param>
  <Param name="file" xml:space="preserve"><![CDATA[orgmap.xml]]></Param>
  <Param name="uriPattern" xml:space="preserve"><![CDATA[]]></Param>
</Dataset>
