<Workflow id="f2325e88-1f62-491e-943b-28a70c415b65_WFProd-Demo2datalinks" replaceableInputs="" replaceableOutputs="">
  <MetaData>
    <Label>workflow: evaluate template and send email</Label>
    <Description xml:space="preserve"><![CDATA[]]></Description>
    <Modified>2023-04-28T16:00:30.673555Z</Modified>
    <Created>2023-04-28T16:00:30.673555Z</Created>
    <CreatedByUser>http://eccenca.com/admin</CreatedByUser>
    <LastModifiedByUser>http://eccenca.com/admin</LastModifiedByUser>
    <Tags> </Tags>
  </MetaData>
  <Operator posX="465" posY="330" task="taskrequestRDF_67a3b14544b0f527" inputs="CopyofProductsIntegration_c50e3e4f4f1825a8" outputs="rdftestfile_07236949ab19724e" errorOutputs="" id="taskrequestRDF_67a3b14544b0f527" configInputs=""/>
  <Operator posX="780" posY="135" task="SELECTcountemployeesandmanagers_4ccc17455b42c9dd" inputs="CopyofProductsIntegration_c50e3e4f4f1825a8" outputs="templateemailmessage_22333a4a27b6df42" errorOutputs="" id="SELECTcountemployeesandmanagers_4ccc17455b42c9dd" configInputs=""/>
  <Operator posX="780" posY="270" task="templateemailmessage_22333a4a27b6df42" inputs="SELECTcountemployeesandmanagers_4ccc17455b42c9dd" outputs="txttemplatetestouput_5173e949792b9ddf" errorOutputs="" id="templateemailmessage_22333a4a27b6df42" configInputs=""/>
  <Operator posX="780" posY="540" task="transformgetemailmessage_c1be31448994a7b1" inputs="txttemplatetestouput_5173e949792b9ddf" outputs="tasksendemail_8ec13c4b95521bfc" errorOutputs="" id="transformgetemailmessage_c1be31448994a7b1" configInputs=""/>
  <Operator posX="780" posY="705" task="tasksendemail_8ec13c4b95521bfc" inputs="rdftestfile_07236949ab19724e" outputs="" errorOutputs="" id="tasksendemail_8ec13c4b95521bfc" configInputs="transformgetemailmessage_c1be31448994a7b1"/>
  <Dataset posX="465" posY="555" task="rdftestfile_07236949ab19724e" inputs="taskrequestRDF_67a3b14544b0f527" outputs="tasksendemail_8ec13c4b95521bfc" id="rdftestfile_07236949ab19724e" configInputs=""/>
  <Dataset posX="465" posY="135" task="CopyofProductsIntegration_c50e3e4f4f1825a8" inputs="" outputs="taskrequestRDF_67a3b14544b0f527,SELECTcountemployeesandmanagers_4ccc17455b42c9dd" id="CopyofProductsIntegration_c50e3e4f4f1825a8" configInputs=""/>
  <Dataset posX="780" posY="405" task="txttemplatetestouput_5173e949792b9ddf" inputs="templateemailmessage_22333a4a27b6df42" outputs="transformgetemailmessage_c1be31448994a7b1" id="txttemplatetestouput_5173e949792b9ddf" configInputs=""/>
  <UiAnnotations>
    <StickyNotes> </StickyNotes>
  </UiAnnotations>
</Workflow>
