<TransformSpec id="transform">
  <MetaData>
    <Label>Transform Feed</Label>
    <Description xml:space="preserve"><![CDATA[The transformation maps feed xml items to schema.org WebPage resources.]]></Description>
    <Modified>2020-12-08T21:49:49.717Z</Modified>
    <LastModifiedByUser>http://eccenca.com/admin</LastModifiedByUser>
  </MetaData>
  <SourceDataset dataSource="example-feed" var="a" typeUri="channel/item">
    <RestrictTo xml:space="preserve">
          
        </RestrictTo>
  </SourceDataset>
  <RootMappingRule id="root">
    <MappingRules>
      <TransformRule name="uri">
        <MetaData>
          <Label>uri</Label>
          <Description xml:space="preserve"><![CDATA[]]></Description>
        </MetaData>
        <Input id="sourcePath1" path="link"/>
      </TransformRule>
      <TransformRule name="WebPage">
        <MetaData>
          <Label>Web Page</Label>
          <Description xml:space="preserve"><![CDATA[]]></Description>
        </MetaData>
        <TransformInput id="generateType" function="constantUri">
          <Param name="value" xml:space="preserve"><![CDATA[<http://schema.org/WebPage>]]></Param>
        </TransformInput>
        <MappingTarget uri="http://www.w3.org/1999/02/22-rdf-syntax-ns#type" isBackwardProperty="false" isAttribute="false">
          <ValueType nodeType="UriValueType"/>
        </MappingTarget>
      </TransformRule>
      <TransformRule name="label">
        <MetaData>
          <Label>label</Label>
          <Description xml:space="preserve"><![CDATA[]]></Description>
        </MetaData>
        <Input id="label" path="title"/>
        <MappingTarget uri="http://www.w3.org/2000/01/rdf-schema#label" isBackwardProperty="false" isAttribute="false">
          <ValueType nodeType="StringValueType"/>
        </MappingTarget>
      </TransformRule>
      <TransformRule name="url">
        <MetaData>
          <Label>url</Label>
          <Description xml:space="preserve"><![CDATA[]]></Description>
        </MetaData>
        <Input id="url" path="link"/>
        <MappingTarget uri="http://schema.org/url" isBackwardProperty="false" isAttribute="false">
          <ValueType nodeType="UriValueType"/>
        </MappingTarget>
      </TransformRule>
      <TransformRule name="text">
        <MetaData>
          <Label>text</Label>
          <Description xml:space="preserve"><![CDATA[]]></Description>
        </MetaData>
        <Input id="text" path="description"/>
        <MappingTarget uri="http://schema.org/text" isBackwardProperty="false" isAttribute="false">
          <ValueType nodeType="StringValueType"/>
        </MappingTarget>
      </TransformRule>
    </MappingRules>
    <MetaData>
      <Label></Label>
      <Description xml:space="preserve"><![CDATA[]]></Description>
    </MetaData>
  </RootMappingRule>
  <Outputs>
    <Output id="feed-graph"></Output>
  </Outputs>
  <TargetVocabularies> </TargetVocabularies>
</TransformSpec>
