<Workflow id="511a7fbb-97d7-4831-95f7-8217c3703f08_ServicesWorkflow">
  <MetaData>
    <Label>Organization Workflow</Label>
    <Description xml:space="preserve"><![CDATA[Workflow for transforming XML data into a Knowledge Graph. ]]></Description>
    <Modified>2020-12-04T06:34:11.251Z</Modified>
  </MetaData>
  <Operator posX="464" posY="145" task="Create_Organization_Triples" inputs="Orgmap_XML" outputs="Organization_Knowledge_Graph" errorOutputs="" id="Create_Organization_Triples" configInputs=""/>
  <Dataset posX="289" posY="123" task="Orgmap_XML" inputs="" outputs="Create_Organization_Triples" id="Orgmap_XML" configInputs=""/>
  <Dataset posX="800" posY="126" task="Organization_Knowledge_Graph" inputs="Create_Organization_Triples" outputs="" id="Organization_Knowledge_Graph" configInputs=""/>
</Workflow>
