<TransformSpec id="Transformidemkeycontent_707d54466cce3e12" abortIfErrorsOccur="false">
  <MetaData>
    <Label>Transform idem (key, content)</Label>
    <Description xml:space="preserve"><![CDATA[]]></Description>
    <Modified>2023-11-07T22:28:43.349386331Z</Modified>
    <Created>2023-11-07T22:28:05.091358628Z</Created>
    <CreatedByUser>http://eccenca.com/admin</CreatedByUser>
    <LastModifiedByUser>http://eccenca.com/admin</LastModifiedByUser>
    <Tags> </Tags>
  </MetaData>
  <SourceDataset dataSource="ProductsPlainKafkaContent_70e6884e11d26939" var="a" typeUri="">
    <RestrictTo xml:space="preserve">
          
        </RestrictTo>
  </SourceDataset>
  <RootMappingRule id="root">
    <MappingTarget uri="" isBackwardProperty="false" isAttribute="false">
      <ValueType nodeType="UriValueType"/>
    </MappingTarget>
    <MappingRules>
      <TransformRule name="key">
        <MetaData>
          <Label></Label>
          <Description xml:space="preserve"><![CDATA[]]></Description>
          <Tags> </Tags>
        </MetaData>
        <Input id="key" path="key"/>
        <MappingTarget uri="key" isBackwardProperty="false" isAttribute="false">
          <ValueType nodeType="StringValueType"/>
        </MappingTarget>
        <RuleLayout>
          <NodePositions> </NodePositions>
        </RuleLayout>
        <UiAnnotations>
          <StickyNotes> </StickyNotes>
        </UiAnnotations>
      </TransformRule>
      <TransformRule name="content">
        <MetaData>
          <Label></Label>
          <Description xml:space="preserve"><![CDATA[]]></Description>
          <Tags> </Tags>
        </MetaData>
        <Input id="content" path="content"/>
        <MappingTarget uri="content" isBackwardProperty="false" isAttribute="false">
          <ValueType nodeType="StringValueType"/>
        </MappingTarget>
        <RuleLayout>
          <NodePositions> </NodePositions>
        </RuleLayout>
        <UiAnnotations>
          <StickyNotes> </StickyNotes>
        </UiAnnotations>
      </TransformRule>
    </MappingRules>
    <MetaData>
      <Label></Label>
      <Description xml:space="preserve"><![CDATA[]]></Description>
      <Tags> </Tags>
    </MetaData>
  </RootMappingRule>
  <Outputs> </Outputs>
  <TargetVocabularyCategory>all installed vocabularies</TargetVocabularyCategory>
  <Params name="selection"></Params>
</TransformSpec>
