<Workflow id="process-feed">
  <MetaData>
    <Label>process feed documents (variable input)</Label>
    <Description xml:space="preserve"><![CDATA[This workflow transforms a variable input with the feed transformation and output the data the the Feed Data graph.]]></Description>
    <Modified>2020-12-08T21:19:05.704Z</Modified>
    <LastModifiedByUser>http://eccenca.com/admin</LastModifiedByUser>
  </MetaData>
  <Operator posX="229" posY="124" task="transform" inputs="input" outputs="feed-graph" errorOutputs="" id="transform" configInputs=""/>
  <Dataset posX="48" posY="90" task="input" inputs="" outputs="transform" id="input" configInputs=""/>
  <Dataset posX="519" posY="79" task="feed-graph" inputs="transform" outputs="" id="feed-graph" configInputs=""/>
</Workflow>
