<Workflow id="Workflow_Extract_Data_From_API">
  <MetaData>
    <Label>Repository Workflow</Label>
    <Description xml:space="preserve"><![CDATA[Workflow that loads data from a API and writes it into a Knowledge Graph.]]></Description>
    <Modified>2020-12-04T10:18:47.782Z</Modified>
  </MetaData>
  <Operator posX="16" posY="31" task="API_Request_Github_Repos" inputs="" outputs="Parse_JSON_Responsebody" errorOutputs="" id="API_Request_Github_Repos" configInputs=""/>
  <Operator posX="492" posY="31" task="Create_Repository_Triples" inputs="Parse_JSON_Responsebody" outputs="Repository_Knowledge_Graph" errorOutputs="" id="Create_Repository_Triples" configInputs=""/>
  <Operator posX="246" posY="31" task="Parse_JSON_Responsebody" inputs="API_Request_Github_Repos" outputs="Create_Repository_Triples" errorOutputs="" id="Parse_JSON_Responsebody" configInputs=""/>
  <Dataset posX="732" posY="20" task="Repository_Knowledge_Graph" inputs="Create_Repository_Triples" outputs="" id="Repository_Knowledge_Graph" configInputs=""/>
</Workflow>
