<Dataset id="ExcelRelevantProductIDs_4e6fdc4aecb14a4d" type="excel" uriProperty="" readOnly="false">
  <MetaData>
    <Label>Excel Relevant Product IDs</Label>
    <Description xml:space="preserve"><![CDATA[]]></Description>
    <Modified>2023-11-07T23:23:43.213734061Z</Modified>
    <Created>2023-11-07T23:23:43.213734061Z</Created>
    <CreatedByUser>http://eccenca.com/admin</CreatedByUser>
    <LastModifiedByUser>http://eccenca.com/admin</LastModifiedByUser>
    <Tags> </Tags>
  </MetaData>
  <Param name="streaming" xml:space="preserve"><![CDATA[true]]></Param>
  <Param name="hasHeader" xml:space="preserve"><![CDATA[true]]></Param>
  <Param name="file" xml:space="preserve"><![CDATA[product_ids.xls]]></Param>
  <Param name="linesToSkip" xml:space="preserve"><![CDATA[0]]></Param>
  <Param name="outputObjectValues" xml:space="preserve"><![CDATA[true]]></Param>
</Dataset>
