<Dataset id="ProductsPlainKafkaContent_70e6884e11d26939" type="csv" uriProperty="" readOnly="false">
  <MetaData>
    <Label>Products Plain Kafka Content</Label>
    <Description xml:space="preserve"><![CDATA[contains plain records with key, content, offset, production timestamp and consumption timestamp]]></Description>
    <Modified>2023-11-07T21:58:30.736753108Z</Modified>
    <Created>2023-11-07T16:40:05.813092337Z</Created>
    <CreatedByUser>http://eccenca.com/admin</CreatedByUser>
    <LastModifiedByUser>http://eccenca.com/admin</LastModifiedByUser>
    <Tags> </Tags>
  </MetaData>
  <Param name="zipFileRegex" xml:space="preserve"><![CDATA[.*\.csv$]]></Param>
  <Param name="arraySeparator" xml:space="preserve"><![CDATA[]]></Param>
  <Param name="quoteEscapeCharacter" xml:space="preserve"><![CDATA["]]></Param>
  <Param name="separator" xml:space="preserve"><![CDATA[,]]></Param>
  <Param name="uri" xml:space="preserve"><![CDATA[]]></Param>
  <Param name="ignoreBadLines" xml:space="preserve"><![CDATA[false]]></Param>
  <Param name="quote" xml:space="preserve"><![CDATA["]]></Param>
  <Param name="properties" xml:space="preserve"><![CDATA[]]></Param>
  <Param name="file" xml:space="preserve"><![CDATA[products_plain.csv]]></Param>
  <Param name="linesToSkip" xml:space="preserve"><![CDATA[0]]></Param>
  <Param name="maxCharsPerColumn" xml:space="preserve"><![CDATA[128000]]></Param>
  <Param name="regexFilter" xml:space="preserve"><![CDATA[]]></Param>
  <Param name="charset" xml:space="preserve"><![CDATA[UTF-8]]></Param>
</Dataset>
