<Dataset id="PRODUCTSJSON_cd1ee64084f876da" type="json" uriProperty="" readOnly="false">
  <MetaData>
    <Label>Products Records</Label>
    <Description xml:space="preserve"><![CDATA[]]></Description>
    <Modified>2023-11-07T22:03:03.961161013Z</Modified>
    <Created>2023-11-07T16:01:56.986912760Z</Created>
    <CreatedByUser>http://eccenca.com/admin</CreatedByUser>
    <LastModifiedByUser>http://eccenca.com/admin</LastModifiedByUser>
    <Tags> </Tags>
  </MetaData>
  <Param name="zipFileRegex" xml:space="preserve"><![CDATA[.*\.json(?:l)?]]></Param>
  <Param name="streaming" xml:space="preserve"><![CDATA[true]]></Param>
  <Param name="maxDepth" xml:space="preserve"><![CDATA[15]]></Param>
  <Param name="basePath" xml:space="preserve"><![CDATA[]]></Param>
  <Param name="template" xml:space="preserve"><![CDATA[{{output}}]]></Param>
  <Param name="file" xml:space="preserve"><![CDATA[products_records.json]]></Param>
  <Param name="uriPattern" xml:space="preserve"><![CDATA[]]></Param>
</Dataset>
